symbol,name,market,product_type,product_source,status,status_source,latest_cache_date,volume_shares,volume_lots,volume_source,first_exclusion,first_exclusion_detail,final_stage0_pass
0050,元大台灣50,TWSE,ETF,official:twse_fund,NORMAL,official:status_feeds,,,,unavailable,PRODUCT_ETF,排除商品類型：ETF,False
0051,元大中型100,TWSE,ETF,official:twse_fund,NORMAL,official:status_feeds,,,,unavailable,PRODUCT_ETF,排除商品類型：ETF,False
0052,富邦科技,TWSE,ETF,official:twse_fund,NORMAL,official:status_feeds,,,,unavailable,PRODUCT_ETF,排除商品類型：ETF,False
0053,元大電子,TWSE,ETF,official:twse_fund,NORMAL,official:status_feeds,,,,unavailable,PRODUCT_ETF,排除商品類型：ETF,False
0055,元大MSCI金融,TWSE,ETF,official:twse_fund,NORMAL,official:status_feeds,,,,unavailable,PRODUCT_ETF,排除商品類型：ETF,False
0056,元大高股息,TWSE,ETF,official:twse_fund,NORMAL,official:status_feeds,,,,unavailable,PRODUCT_ETF,排除商品類型：ETF,False
0057,富邦摩台,TWSE,ETF,official:twse_fund,NORMAL,official:status_feeds,,,,unavailable,PRODUCT_ETF,排除商品類型：ETF,False
0061,元大寶滬深,TWSE,ETF,official:twse_fund,NORMAL,official:status_feeds,,,,unavailable,PRODUCT_ETF,排除商品類型：ETF,False
1101,台泥,TWSE,COMMON_STOCK,official:twse_main,NORMAL,official:status_feeds,2026-10-02,25248148.0,25248.148,cache,,,True
1102,亞泥,TWSE,COMMON_STOCK,official:twse_main,NORMAL,official:status_feeds,2026-10-02,4911440.0,4911.44,cache,,,True
1103,嘉泥,TWSE,COMMON_STOCK,official:twse_main,NORMAL,official:status_feeds,2026-09-24,176272.0,176.272,cache,VOLUME_LT_THRESHOLD,176.272 張 < 1000 張,False
1104,環泥,TWSE,COMMON_STOCK,official:twse_main,NORMAL,official:status_feeds,2026-09-24,251430.0,251.43,cache,VOLUME_LT_THRESHOLD,251.430 張 < 1000 張,False
1108,幸福,TWSE,COMMON_STOCK,official:twse_main,NORMAL,official:status_feeds,2026-09-24,205540.0,205.54,cache,VOLUME_LT_THRESHOLD,205.540 張 < 1000 張,False
1109,信大,TWSE,COMMON_STOCK,official:twse_main,NORMAL,official:status_feeds,2026-09-24,87372.0,87.372,cache,VOLUME_LT_THRESHOLD,87.372 張 < 1000 張,False
1110,東泥,TWSE,WARRANT,official:twse_warrant,NORMAL,official:status_feeds,,,,unavailable,PRODUCT_WARRANT,排除商品類型：WARRANT,False
1201,味全,TWSE,COMMON_STOCK,official:twse_main,NORMAL,official:status_feeds,2026-09-29,839007.0,839.007,cache,VOLUME_LT_THRESHOLD,839.007 張 < 1000 張,False
1203,味王,TWSE,WARRANT,official:twse_warrant,NORMAL,official:status_feeds,,,,unavailable,PRODUCT_WARRANT,排除商品類型：WARRANT,False
1210,大成,TWSE,WARRANT,official:twse_warrant,NORMAL,official:status_feeds,,,,unavailable,PRODUCT_WARRANT,排除商品類型：WARRANT,False
1213,大飲,TWSE,COMMON_STOCK,official:twse_main,NORMAL,official:status_feeds,2026-09-24,3017.0,3.017,cache,VOLUME_LT_THRESHOLD,3.017 張 < 1000 張,False
1215,卜蜂,TWSE,COMMON_STOCK,official:twse_main,NORMAL,official:status_feeds,2026-09-29,438883.0,438.883,cache,VOLUME_LT_THRESHOLD,438.883 張 < 1000 張,False
1216,統一,TWSE,WARRANT,official:twse_warrant,NORMAL,official:status_feeds,,,,unavailable,PRODUCT_WARRANT,排除商品類型：WARRANT,False
1217,愛之味,TWSE,COMMON_STOCK,official:twse_main,NORMAL,official:status_feeds,2026-09-24,526934.0,526.934,cache,VOLUME_LT_THRESHOLD,526.934 張 < 1000 張,False
1218,泰山,TWSE,COMMON_STOCK,official:twse_main,SUSPENDED,official:suspend,,,,unavailable,STATUS_SUSPENDED,交易狀態：SUSPENDED,False
1219,福壽,TWSE,COMMON_STOCK,official:twse_main,NORMAL,official:status_feeds,2026-09-24,204187.0,204.187,cache,VOLUME_LT_THRESHOLD,204.187 張 < 1000 張,False
1220,台榮,TWSE,WARRANT,official:twse_warrant,NORMAL,official:status_feeds,,,,unavailable,PRODUCT_WARRANT,排除商品類型：WARRANT,False
1225,福懋油,TWSE,WARRANT,official:twse_warrant,NORMAL,official:status_feeds,,,,unavailable,PRODUCT_WARRANT,排除商品類型：WARRANT,False
1227,佳格,TWSE,COMMON_STOCK,official:twse_main,NORMAL,official:status_feeds,2026-09-24,556585.0,556.585,cache,VOLUME_LT_THRESHOLD,556.585 張 < 1000 張,False
1229,聯華,TWSE,COMMON_STOCK,official:twse_main,NORMAL,official:status_feeds,2026-10-02,2092675.0,2092.675,cache,,,True
1231,聯華食,TWSE,WARRANT,official:twse_warrant,NORMAL,official:status_feeds,,,,unavailable,PRODUCT_WARRANT,排除商品類型：WARRANT,False
1232,大統益,TWSE,COMMON_STOCK,official:twse_main,NORMAL,official:status_feeds,2026-09-24,46996.0,46.996,cache,VOLUME_LT_THRESHOLD,46.996 張 < 1000 張,False
1233,天仁,TWSE,COMMON_STOCK,official:twse_main,NORMAL,official:status_feeds,2026-09-24,17043.0,17.043,cache,VOLUME_LT_THRESHOLD,17.043 張 < 1000 張,False
1234,黑松,TWSE,WARRANT,official:twse_warrant,NORMAL,official:status_feeds,,,,unavailable,PRODUCT_WARRANT,排除商品類型：WARRANT,False
1235,興泰,TWSE,COMMON_STOCK,official:twse_main,NORMAL,official:status_feeds,2026-09-24,189960.0,189.96,cache,VOLUME_LT_THRESHOLD,189.960 張 < 1000 張,False
1236,宏亞,TWSE,COMMON_STOCK,official:twse_main,NORMAL,official:status_feeds,2026-09-24,49853.0,49.853,cache,VOLUME_LT_THRESHOLD,49.853 張 < 1000 張,False
1256,鮮活果汁-KY,TWSE,COMMON_STOCK,official:twse_main,NORMAL,official:status_feeds,2026-09-24,55393.0,55.393,cache,VOLUME_LT_THRESHOLD,55.393 張 < 1000 張,False
1301,台塑,TWSE,COMMON_STOCK,official:twse_main,NORMAL,official:status_feeds,2026-10-02,33115055.0,33115.055,cache,,,True
1303,南亞,TWSE,COMMON_STOCK,official:twse_main,NORMAL,official:status_feeds,2026-10-02,42323575.0,42323.575,cache,,,True
1304,台聚,TWSE,COMMON_STOCK,official:twse_main,NORMAL,official:status_feeds,2026-10-02,3202927.0,3202.927,cache,,,True
1305,華夏,TWSE,WARRANT,official:twse_warrant,NORMAL,official:status_feeds,,,,unavailable,PRODUCT_WARRANT,排除商品類型：WARRANT,False
1307,三芳,TWSE,COMMON_STOCK,official:twse_main,NORMAL,official:status_feeds,2026-09-24,208728.0,208.728,cache,VOLUME_LT_THRESHOLD,208.728 張 < 1000 張,False
1308,亞聚,TWSE,WARRANT,official:twse_warrant,NORMAL,official:status_feeds,,,,unavailable,PRODUCT_WARRANT,排除商品類型：WARRANT,False
1309,台達化,TWSE,COMMON_STOCK,official:twse_main,NORMAL,official:status_feeds,2026-09-24,859601.0,859.601,cache,VOLUME_LT_THRESHOLD,859.601 張 < 1000 張,False
1310,台苯,TWSE,WARRANT,official:twse_warrant,NORMAL,official:status_feeds,,,,unavailable,PRODUCT_WARRANT,排除商品類型：WARRANT,False
1312,國喬,TWSE,WARRANT,official:twse_warrant,NORMAL,official:status_feeds,,,,unavailable,PRODUCT_WARRANT,排除商品類型：WARRANT,False
1313,聯成,TWSE,WARRANT,official:twse_warrant,NORMAL,official:status_feeds,,,,unavailable,PRODUCT_WARRANT,排除商品類型：WARRANT,False
1314,中石化,TWSE,COMMON_STOCK,official:twse_main,NORMAL,official:status_feeds,2026-10-02,32391130.0,32391.13,cache,,,True
1315,達新,TWSE,COMMON_STOCK,official:twse_main,NORMAL,official:status_feeds,2026-09-24,18564.0,18.564,cache,VOLUME_LT_THRESHOLD,18.564 張 < 1000 張,False
1316,上曜,TWSE,COMMON_STOCK,official:twse_main,NORMAL,official:status_feeds,2026-09-29,699804.0,699.804,cache,VOLUME_LT_THRESHOLD,699.804 張 < 1000 張,False
1319,東陽,TWSE,WARRANT,official:twse_warrant,NORMAL,official:status_feeds,,,,unavailable,PRODUCT_WARRANT,排除商品類型：WARRANT,False
1321,大洋,TWSE,COMMON_STOCK,official:twse_main,NORMAL,official:status_feeds,2026-09-24,56000.0,56.0,cache,VOLUME_LT_THRESHOLD,56.000 張 < 1000 張,False
1323,永裕,TWSE,COMMON_STOCK,official:twse_main,NORMAL,official:status_feeds,2026-09-24,16062.0,16.062,cache,VOLUME_LT_THRESHOLD,16.062 張 < 1000 張,False
1324,地球,TWSE,COMMON_STOCK,official:twse_main,NORMAL,official:status_feeds,2026-09-24,29688.0,29.688,cache,VOLUME_LT_THRESHOLD,29.688 張 < 1000 張,False
1325,恆大,TWSE,COMMON_STOCK,official:twse_main,NORMAL,official:status_feeds,2026-09-24,182787.0,182.787,cache,VOLUME_LT_THRESHOLD,182.787 張 < 1000 張,False
1326,台化,TWSE,COMMON_STOCK,official:twse_main,NORMAL,official:status_feeds,2026-10-02,56653992.0,56653.992,cache,,,True
1337,再生-KY,TWSE,COMMON_STOCK,official:twse_main,NORMAL,official:status_feeds,2026-09-24,259505.0,259.505,cache,VOLUME_LT_THRESHOLD,259.505 張 < 1000 張,False
1338,廣華-KY,TWSE,WARRANT,official:twse_warrant,NORMAL,official:status_feeds,,,,unavailable,PRODUCT_WARRANT,排除商品類型：WARRANT,False
1339,昭輝,TWSE,COMMON_STOCK,official:twse_main,NORMAL,official:status_feeds,2026-09-24,38644.0,38.644,cache,VOLUME_LT_THRESHOLD,38.644 張 < 1000 張,False
1340,勝悅-KY,TWSE,WARRANT,official:twse_warrant,NORMAL,official:status_feeds,,,,unavailable,PRODUCT_WARRANT,排除商品類型：WARRANT,False
1341,富林-KY,TWSE,COMMON_STOCK,official:twse_main,NORMAL,official:status_feeds,2026-09-24,1061.0,1.061,cache,VOLUME_LT_THRESHOLD,1.061 張 < 1000 張,False
1342,八貫,TWSE,COMMON_STOCK,official:twse_main,NORMAL,official:status_feeds,2026-09-24,56993.0,56.993,cache,VOLUME_LT_THRESHOLD,56.993 張 < 1000 張,False
1402,遠東新,TWSE,COMMON_STOCK,official:twse_main,NORMAL,official:status_feeds,2026-10-02,4746737.0,4746.737,cache,,,True
1409,新纖,TWSE,COMMON_STOCK,official:twse_main,NORMAL,official:status_feeds,2026-10-02,11973583.0,11973.583,cache,,,True
1410,南染,TWSE,WARRANT,official:twse_warrant,NORMAL,official:status_feeds,,,,unavailable,PRODUCT_WARRANT,排除商品類型：WARRANT,False
1413,宏洲,TWSE,COMMON_STOCK,official:twse_main,NORMAL,official:status_feeds,2026-09-24,6216.0,6.216,cache,VOLUME_LT_THRESHOLD,6.216 張 < 1000 張,False
1414,東和,TWSE,COMMON_STOCK,official:twse_main,NORMAL,official:status_feeds,2026-09-24,141227.0,141.227,cache,VOLUME_LT_THRESHOLD,141.227 張 < 1000 張,False
1416,廣豐,TWSE,COMMON_STOCK,official:twse_main,NORMAL,official:status_feeds,2026-09-24,114653.0,114.653,cache,VOLUME_LT_THRESHOLD,114.653 張 < 1000 張,False
1417,嘉裕,TWSE,COMMON_STOCK,official:twse_main,NORMAL,official:status_feeds,2026-09-24,392002.0,392.002,cache,VOLUME_LT_THRESHOLD,392.002 張 < 1000 張,False
1418,東華,TWSE,COMMON_STOCK,official:twse_main,NORMAL,official:status_feeds,2026-09-24,39326.0,39.326,cache,VOLUME_LT_THRESHOLD,39.326 張 < 1000 張,False
1419,新紡,TWSE,COMMON_STOCK,official:twse_main,NORMAL,official:status_feeds,2026-09-24,22200.0,22.2,cache,VOLUME_LT_THRESHOLD,22.200 張 < 1000 張,False
1423,利華,TWSE,COMMON_STOCK,official:twse_main,NORMAL,official:status_feeds,2026-09-24,16383.0,16.383,cache,VOLUME_LT_THRESHOLD,16.383 張 < 1000 張,False
1432,大魯閣,TWSE,COMMON_STOCK,official:twse_main,NORMAL,official:status_feeds,2026-09-24,51004.0,51.004,cache,VOLUME_LT_THRESHOLD,51.004 張 < 1000 張,False
1434,福懋,TWSE,WARRANT,official:twse_warrant,NORMAL,official:status_feeds,,,,unavailable,PRODUCT_WARRANT,排除商品類型：WARRANT,False
1435,中福,TWSE,WARRANT,official:twse_warrant,NORMAL,official:status_feeds,,,,unavailable,PRODUCT_WARRANT,排除商品類型：WARRANT,False
1436,華友聯,TWSE,COMMON_STOCK,official:twse_main,NORMAL,official:status_feeds,2026-09-24,76557.0,76.557,cache,VOLUME_LT_THRESHOLD,76.557 張 < 1000 張,False
1437,勤益控,TWSE,COMMON_STOCK,official:twse_main,NORMAL,official:status_feeds,2026-09-24,115052.0,115.052,cache,VOLUME_LT_THRESHOLD,115.052 張 < 1000 張,False
1438,三地開發,TWSE,COMMON_STOCK,official:twse_main,NORMAL,official:status_feeds,2026-09-24,46200.0,46.2,cache,VOLUME_LT_THRESHOLD,46.200 張 < 1000 張,False
1439,雋揚,TWSE,COMMON_STOCK,official:twse_main,NORMAL,official:status_feeds,2026-09-24,3000.0,3.0,cache,VOLUME_LT_THRESHOLD,3.000 張 < 1000 張,False
1440,南紡,TWSE,WARRANT,official:twse_warrant,NORMAL,official:status_feeds,,,,unavailable,PRODUCT_WARRANT,排除商品類型：WARRANT,False
1441,大東,TWSE,COMMON_STOCK,official:twse_main,NORMAL,official:status_feeds,,,,unavailable,VOLUME_UNKNOWN,最近可得交易日成交量 Cache 不存在或無有效值,False
1442,名軒,TWSE,COMMON_STOCK,official:twse_main,NORMAL,official:status_feeds,2026-09-24,389288.0,389.288,cache,VOLUME_LT_THRESHOLD,389.288 張 < 1000 張,False
1443,立益物流,TWSE,COMMON_STOCK,official:twse_main,NORMAL,official:status_feeds,2026-09-24,14112.0,14.112,cache,VOLUME_LT_THRESHOLD,14.112 張 < 1000 張,False
1444,力麗,TWSE,WARRANT,official:twse_warrant,NORMAL,official:status_feeds,,,,unavailable,PRODUCT_WARRANT,排除商品類型：WARRANT,False
1445,大宇,TWSE,WARRANT,official:twse_warrant,NORMAL,official:status_feeds,,,,unavailable,PRODUCT_WARRANT,排除商品類型：WARRANT,False
1446,宏和,TWSE,COMMON_STOCK,official:twse_main,NORMAL,official:status_feeds,2026-09-24,38658.0,38.658,cache,VOLUME_LT_THRESHOLD,38.658 張 < 1000 張,False
1447,力鵬,TWSE,COMMON_STOCK,official:twse_main,NORMAL,official:status_feeds,2026-09-24,717743.0,717.743,cache,VOLUME_LT_THRESHOLD,717.743 張 < 1000 張,False
1449,佳和,TWSE,WARRANT,official:twse_warrant,NORMAL,official:status_feeds,,,,unavailable,PRODUCT_WARRANT,排除商品類型：WARRANT,False
1451,年興,TWSE,COMMON_STOCK,official:twse_main,NORMAL,official:status_feeds,2026-09-24,69603.0,69.603,cache,VOLUME_LT_THRESHOLD,69.603 張 < 1000 張,False
1452,宏益,TWSE,COMMON_STOCK,official:twse_main,NORMAL,official:status_feeds,2026-09-24,29418.0,29.418,cache,VOLUME_LT_THRESHOLD,29.418 張 < 1000 張,False
1453,大將,TWSE,COMMON_STOCK,official:twse_main,NORMAL,official:status_feeds,2026-09-24,33732.0,33.732,cache,VOLUME_LT_THRESHOLD,33.732 張 < 1000 張,False
1454,台富,TWSE,COMMON_STOCK,official:twse_main,NORMAL,official:status_feeds,2026-09-24,16473.0,16.473,cache,VOLUME_LT_THRESHOLD,16.473 張 < 1000 張,False
1455,集盛,TWSE,COMMON_STOCK,official:twse_main,NORMAL,official:status_feeds,2026-09-24,207283.0,207.283,cache,VOLUME_LT_THRESHOLD,207.283 張 < 1000 張,False
1456,怡華,TWSE,WARRANT,official:twse_warrant,NORMAL,official:status_feeds,,,,unavailable,PRODUCT_WARRANT,排除商品類型：WARRANT,False
1457,宜進,TWSE,COMMON_STOCK,official:twse_main,NORMAL,official:status_feeds,2026-09-24,45123.0,45.123,cache,VOLUME_LT_THRESHOLD,45.123 張 < 1000 張,False
1459,聯發,TWSE,COMMON_STOCK,official:twse_main,NORMAL,official:status_feeds,2026-09-24,17332.0,17.332,cache,VOLUME_LT_THRESHOLD,17.332 張 < 1000 張,False
1460,宏遠,TWSE,WARRANT,official:twse_warrant,NORMAL,official:status_feeds,,,,unavailable,PRODUCT_WARRANT,排除商品類型：WARRANT,False
1463,強盛新,TWSE,COMMON_STOCK,official:twse_main,NORMAL,official:status_feeds,2026-09-24,92045.0,92.045,cache,VOLUME_LT_THRESHOLD,92.045 張 < 1000 張,False
1464,得力,TWSE,COMMON_STOCK,official:twse_main,NORMAL,official:status_feeds,2026-09-24,137078.0,137.078,cache,VOLUME_LT_THRESHOLD,137.078 張 < 1000 張,False
1465,偉全,TWSE,WARRANT,official:twse_warrant,NORMAL,official:status_feeds,,,,unavailable,PRODUCT_WARRANT,排除商品類型：WARRANT,False
1466,聚隆,TWSE,WARRANT,official:twse_warrant,NORMAL,official:status_feeds,,,,unavailable,PRODUCT_WARRANT,排除商品類型：WARRANT,False
1467,南緯,TWSE,COMMON_STOCK,official:twse_main,NORMAL,official:status_feeds,2026-09-24,24833.0,24.833,cache,VOLUME_LT_THRESHOLD,24.833 張 < 1000 張,False
1468,昶和,TWSE,WARRANT,official:twse_warrant,NORMAL,official:status_feeds,,,,unavailable,PRODUCT_WARRANT,排除商品類型：WARRANT,False
1470,大統新創,TWSE,WARRANT,official:twse_warrant,NORMAL,official:status_feeds,,,,unavailable,PRODUCT_WARRANT,排除商品類型：WARRANT,False
1471,首利,TWSE,COMMON_STOCK,official:twse_main,NORMAL,official:status_feeds,2026-09-24,113249.0,113.249,cache,VOLUME_LT_THRESHOLD,113.249 張 < 1000 張,False
1472,三洋實業,TWSE,WARRANT,official:twse_warrant,NORMAL,official:status_feeds,,,,unavailable,PRODUCT_WARRANT,排除商品類型：WARRANT,False
1473,台南,TWSE,WARRANT,official:twse_warrant,NORMAL,official:status_feeds,,,,unavailable,PRODUCT_WARRANT,排除商品類型：WARRANT,False
1474,弘裕,TWSE,COMMON_STOCK,official:twse_main,NORMAL,official:status_feeds,2026-09-24,66749.0,66.749,cache,VOLUME_LT_THRESHOLD,66.749 張 < 1000 張,False
1475,業旺,TWSE,WARRANT,official:twse_warrant,NORMAL,official:status_feeds,,,,unavailable,PRODUCT_WARRANT,排除商品類型：WARRANT,False
1476,儒鴻,TWSE,COMMON_STOCK,official:twse_main,NORMAL,official:status_feeds,2026-10-01,831703.0,831.703,cache,VOLUME_LT_THRESHOLD,831.703 張 < 1000 張,False
1477,聚陽,TWSE,COMMON_STOCK,official:twse_main,NORMAL,official:status_feeds,2026-09-24,781995.0,781.995,cache,VOLUME_LT_THRESHOLD,781.995 張 < 1000 張,False
1503,士電,TWSE,COMMON_STOCK,official:twse_main,NORMAL,official:status_feeds,2026-09-24,625987.0,625.987,cache,VOLUME_LT_THRESHOLD,625.987 張 < 1000 張,False
1504,東元,TWSE,COMMON_STOCK,official:twse_main,NORMAL,official:status_feeds,2026-10-02,3548122.0,3548.122,cache,,,True
1506,正道,TWSE,COMMON_STOCK,official:twse_main,NORMAL,official:status_feeds,2026-09-24,312228.0,312.228,cache,VOLUME_LT_THRESHOLD,312.228 張 < 1000 張,False
1512,瑞利,TWSE,COMMON_STOCK,official:twse_main,NORMAL,official:status_feeds,2026-09-24,50439.0,50.439,cache,VOLUME_LT_THRESHOLD,50.439 張 < 1000 張,False
1513,中興電,TWSE,COMMON_STOCK,official:twse_main,NORMAL,official:status_feeds,2026-10-02,1860658.0,1860.658,cache,,,True
1514,亞力,TWSE,COMMON_STOCK,official:twse_main,NORMAL,official:status_feeds,2026-09-30,669400.0,669.4,cache,VOLUME_LT_THRESHOLD,669.400 張 < 1000 張,False
1515,力山,TWSE,WARRANT,official:twse_warrant,NORMAL,official:status_feeds,,,,unavailable,PRODUCT_WARRANT,排除商品類型：WARRANT,False
1516,川飛,TWSE,WARRANT,official:twse_warrant,NORMAL,official:status_feeds,,,,unavailable,PRODUCT_WARRANT,排除商品類型：WARRANT,False
1517,利奇,TWSE,COMMON_STOCK,official:twse_main,NORMAL,official:status_feeds,2026-09-24,69144.0,69.144,cache,VOLUME_LT_THRESHOLD,69.144 張 < 1000 張,False
1519,華城,TWSE,COMMON_STOCK,official:twse_main,NORMAL,official:status_feeds,2026-09-24,678128.0,678.128,cache,VOLUME_LT_THRESHOLD,678.128 張 < 1000 張,False
1521,大億,TWSE,COMMON_STOCK,official:twse_main,NORMAL,official:status_feeds,2026-09-24,36307.0,36.307,cache,VOLUME_LT_THRESHOLD,36.307 張 < 1000 張,False
1522,堤維西,TWSE,WARRANT,official:twse_warrant,NORMAL,official:status_feeds,,,,unavailable,PRODUCT_WARRANT,排除商品類型：WARRANT,False
1524,耿鼎,TWSE,COMMON_STOCK,official:twse_main,NORMAL,official:status_feeds,2026-09-24,162765.0,162.765,cache,VOLUME_LT_THRESHOLD,162.765 張 < 1000 張,False
1525,江申,TWSE,WARRANT,official:twse_warrant,NORMAL,official:status_feeds,,,,unavailable,PRODUCT_WARRANT,排除商品類型：WARRANT,False
1526,日馳,TWSE,COMMON_STOCK,official:twse_main,NORMAL,official:status_feeds,2026-09-24,25365.0,25.365,cache,VOLUME_LT_THRESHOLD,25.365 張 < 1000 張,False
1527,鑽全,TWSE,COMMON_STOCK,official:twse_main,NORMAL,official:status_feeds,2026-09-24,89339.0,89.339,cache,VOLUME_LT_THRESHOLD,89.339 張 < 1000 張,False
1528,恩德,TWSE,COMMON_STOCK,official:twse_main,NORMAL,official:status_feeds,2026-10-02,2855598.0,2855.598,cache,,,True
1529,樂事綠能,TWSE,COMMON_STOCK,official:twse_main,NORMAL,official:status_feeds,2026-09-24,512347.0,512.347,cache,VOLUME_LT_THRESHOLD,512.347 張 < 1000 張,False
1530,亞崴,TWSE,WARRANT,official:twse_warrant,NORMAL,official:status_feeds,,,,unavailable,PRODUCT_WARRANT,排除商品類型：WARRANT,False
1531,高林股,TWSE,COMMON_STOCK,official:twse_main,NORMAL,official:status_feeds,2026-09-24,776324.0,776.324,cache,VOLUME_LT_THRESHOLD,776.324 張 < 1000 張,False
1532,勤美,TWSE,COMMON_STOCK,official:twse_main,NORMAL,official:status_feeds,2026-09-24,328911.0,328.911,cache,VOLUME_LT_THRESHOLD,328.911 張 < 1000 張,False
1533,車王電,TWSE,COMMON_STOCK,official:twse_main,NORMAL,official:status_feeds,2026-09-24,25565.0,25.565,cache,VOLUME_LT_THRESHOLD,25.565 張 < 1000 張,False
1535,中宇,TWSE,COMMON_STOCK,official:twse_main,NORMAL,official:status_feeds,2026-09-24,33345.0,33.345,cache,VOLUME_LT_THRESHOLD,33.345 張 < 1000 張,False
1536,和大,TWSE,WARRANT,official:twse_warrant,NORMAL,official:status_feeds,,,,unavailable,PRODUCT_WARRANT,排除商品類型：WARRANT,False
1537,廣隆,TWSE,COMMON_STOCK,official:twse_main,NORMAL,official:status_feeds,2026-09-24,82180.0,82.18,cache,VOLUME_LT_THRESHOLD,82.180 張 < 1000 張,False
1538,正峰,TWSE,COMMON_STOCK,official:twse_main,NORMAL,official:status_feeds,2026-09-24,1.0,0.001,cache,VOLUME_LT_THRESHOLD,0.001 張 < 1000 張,False
1539,巨庭,TWSE,COMMON_STOCK,official:twse_main,NORMAL,official:status_feeds,2026-09-24,22000.0,22.0,cache,VOLUME_LT_THRESHOLD,22.000 張 < 1000 張,False
1540,喬福,TWSE,WARRANT,official:twse_warrant,NORMAL,official:status_feeds,,,,unavailable,PRODUCT_WARRANT,排除商品類型：WARRANT,False
1541,錩泰,TWSE,COMMON_STOCK,official:twse_main,NORMAL,official:status_feeds,,,,unavailable,VOLUME_UNKNOWN,最近可得交易日成交量 Cache 不存在或無有效值,False
1558,伸興,TWSE,COMMON_STOCK,official:twse_main,NORMAL,official:status_feeds,2026-09-24,42146.0,42.146,cache,VOLUME_LT_THRESHOLD,42.146 張 < 1000 張,False
1560,中砂,TWSE,COMMON_STOCK,official:twse_main,NORMAL,official:status_feeds,2026-10-02,1570824.0,1570.824,cache,,,True
1563,巧新,TWSE,WARRANT,official:twse_warrant,NORMAL,official:status_feeds,,,,unavailable,PRODUCT_WARRANT,排除商品類型：WARRANT,False
1568,倉佑,TWSE,COMMON_STOCK,official:twse_main,NORMAL,official:status_feeds,2026-09-24,176644.0,176.644,cache,VOLUME_LT_THRESHOLD,176.644 張 < 1000 張,False
1582,信錦,TWSE,COMMON_STOCK,official:twse_main,NORMAL,official:status_feeds,2026-09-24,257013.0,257.013,cache,VOLUME_LT_THRESHOLD,257.013 張 < 1000 張,False
1583,程泰,TWSE,COMMON_STOCK,official:twse_main,NORMAL,official:status_feeds,2026-09-24,5504.0,5.504,cache,VOLUME_LT_THRESHOLD,5.504 張 < 1000 張,False
1587,吉茂,TWSE,COMMON_STOCK,official:twse_main,NORMAL,official:status_feeds,2026-09-24,32672.0,32.672,cache,VOLUME_LT_THRESHOLD,32.672 張 < 1000 張,False
1590,亞德客-KY,TWSE,WARRANT,official:twse_warrant,NORMAL,official:status_feeds,,,,unavailable,PRODUCT_WARRANT,排除商品類型：WARRANT,False
1597,直得,TWSE,COMMON_STOCK,official:twse_main,NORMAL,official:status_feeds,2026-09-24,467381.0,467.381,cache,VOLUME_LT_THRESHOLD,467.381 張 < 1000 張,False
1598,岱宇,TWSE,COMMON_STOCK,official:twse_main,NORMAL,official:status_feeds,2026-09-24,170591.0,170.591,cache,VOLUME_LT_THRESHOLD,170.591 張 < 1000 張,False
1603,華電,TWSE,COMMON_STOCK,official:twse_main,NORMAL,official:status_feeds,2026-09-24,93143.0,93.143,cache,VOLUME_LT_THRESHOLD,93.143 張 < 1000 張,False
1604,聲寶,TWSE,COMMON_STOCK,official:twse_main,NORMAL,official:status_feeds,2026-09-24,84562.0,84.562,cache,VOLUME_LT_THRESHOLD,84.562 張 < 1000 張,False
1605,華新,TWSE,COMMON_STOCK,official:twse_main,NORMAL,official:status_feeds,2026-10-02,29963296.0,29963.296,cache,,,True
1608,華榮,TWSE,COMMON_STOCK,official:twse_main,NORMAL,official:status_feeds,2026-10-02,1351450.0,1351.45,cache,,,True
1609,大亞,TWSE,COMMON_STOCK,official:twse_main,NORMAL,official:status_feeds,2026-10-02,2911262.0,2911.262,cache,,,True
1611,中電,TWSE,COMMON_STOCK,official:twse_main,NORMAL,official:status_feeds,2026-09-24,344799.0,344.799,cache,VOLUME_LT_THRESHOLD,344.799 張 < 1000 張,False
1612,宏泰,TWSE,WARRANT,official:twse_warrant,NORMAL,official:status_feeds,,,,unavailable,PRODUCT_WARRANT,排除商品類型：WARRANT,False
1614,三洋電,TWSE,COMMON_STOCK,official:twse_main,NORMAL,official:status_feeds,2026-09-24,34564.0,34.564,cache,VOLUME_LT_THRESHOLD,34.564 張 < 1000 張,False
1615,大山,TWSE,COMMON_STOCK,official:twse_main,NORMAL,official:status_feeds,2026-09-24,67530.0,67.53,cache,VOLUME_LT_THRESHOLD,67.530 張 < 1000 張,False
1616,億泰,TWSE,WARRANT,official:twse_warrant,NORMAL,official:status_feeds,,,,unavailable,PRODUCT_WARRANT,排除商品類型：WARRANT,False
1617,榮星,TWSE,COMMON_STOCK,official:twse_main,NORMAL,official:status_feeds,2026-09-24,705831.0,705.831,cache,VOLUME_LT_THRESHOLD,705.831 張 < 1000 張,False
1618,合機,TWSE,COMMON_STOCK,official:twse_main,NORMAL,official:status_feeds,2026-09-24,238013.0,238.013,cache,VOLUME_LT_THRESHOLD,238.013 張 < 1000 張,False
1623,大東電,TWSE,WARRANT,official:twse_warrant,NORMAL,official:status_feeds,,,,unavailable,PRODUCT_WARRANT,排除商品類型：WARRANT,False
1626,艾美特-KY,TWSE,COMMON_STOCK,official:twse_main,NORMAL,official:status_feeds,2026-09-24,36065.0,36.065,cache,VOLUME_LT_THRESHOLD,36.065 張 < 1000 張,False
1702,南僑,TWSE,COMMON_STOCK,official:twse_main,NORMAL,official:status_feeds,2026-09-24,81244.0,81.244,cache,VOLUME_LT_THRESHOLD,81.244 張 < 1000 張,False
1707,葡萄王,TWSE,COMMON_STOCK,official:twse_main,NORMAL,official:status_feeds,2026-09-24,132935.0,132.935,cache,VOLUME_LT_THRESHOLD,132.935 張 < 1000 張,False
1708,東鹼,TWSE,COMMON_STOCK,official:twse_main,NORMAL,official:status_feeds,2026-10-02,11141339.0,11141.339,cache,,,True
1709,和益,TWSE,COMMON_STOCK,official:twse_main,NORMAL,official:status_feeds,2026-10-02,33307380.0,33307.38,cache,,,True
1710,東聯,TWSE,WARRANT,official:twse_warrant,NORMAL,official:status_feeds,,,,unavailable,PRODUCT_WARRANT,排除商品類型：WARRANT,False
1711,永光,TWSE,COMMON_STOCK,official:twse_main,NORMAL,official:status_feeds,2026-10-02,11775512.0,11775.512,cache,,,True
1712,興農,TWSE,COMMON_STOCK,official:twse_main,NORMAL,official:status_feeds,2026-09-24,335237.0,335.237,cache,VOLUME_LT_THRESHOLD,335.237 張 < 1000 張,False
1713,國化,TWSE,COMMON_STOCK,official:twse_main,NORMAL,official:status_feeds,2026-09-24,62930.0,62.93,cache,VOLUME_LT_THRESHOLD,62.930 張 < 1000 張,False
1714,和桐,TWSE,COMMON_STOCK,official:twse_main,NORMAL,official:status_feeds,2026-10-02,17662469.0,17662.469,cache,,,True
1717,長興,TWSE,WARRANT,official:twse_warrant,NORMAL,official:status_feeds,,,,unavailable,PRODUCT_WARRANT,排除商品類型：WARRANT,False
1718,中纖,TWSE,COMMON_STOCK,official:twse_main,NORMAL,official:status_feeds,2026-10-02,10159044.0,10159.044,cache,,,True
1720,生達,TWSE,WARRANT,official:twse_warrant,NORMAL,official:status_feeds,,,,unavailable,PRODUCT_WARRANT,排除商品類型：WARRANT,False
1721,國慶科技,TWSE,COMMON_STOCK,official:twse_main,NORMAL,official:status_feeds,2026-09-24,864008.0,864.008,cache,VOLUME_LT_THRESHOLD,864.008 張 < 1000 張,False
1722,台肥,TWSE,COMMON_STOCK,official:twse_main,NORMAL,official:status_feeds,2026-10-02,1659085.0,1659.085,cache,,,True
1723,中碳,TWSE,COMMON_STOCK,official:twse_main,NORMAL,official:status_feeds,2026-09-24,217702.0,217.702,cache,VOLUME_LT_THRESHOLD,217.702 張 < 1000 張,False
1725,元禎,TWSE,WARRANT,official:twse_warrant,NORMAL,official:status_feeds,,,,unavailable,PRODUCT_WARRANT,排除商品類型：WARRANT,False
1726,永記,TWSE,COMMON_STOCK,official:twse_main,NORMAL,official:status_feeds,2026-09-24,89465.0,89.465,cache,VOLUME_LT_THRESHOLD,89.465 張 < 1000 張,False
1727,中華化,TWSE,COMMON_STOCK,official:twse_main,NORMAL,official:status_feeds,2026-10-02,35901281.0,35901.281,cache,,,True
1730,花仙子,TWSE,COMMON_STOCK,official:twse_main,NORMAL,official:status_feeds,2026-09-24,25846.0,25.846,cache,VOLUME_LT_THRESHOLD,25.846 張 < 1000 張,False
1731,美吾華,TWSE,COMMON_STOCK,official:twse_main,NORMAL,official:status_feeds,2026-09-24,55387.0,55.387,cache,VOLUME_LT_THRESHOLD,55.387 張 < 1000 張,False
1732,毛寶,TWSE,COMMON_STOCK,official:twse_main,NORMAL,official:status_feeds,2026-09-24,14268.0,14.268,cache,VOLUME_LT_THRESHOLD,14.268 張 < 1000 張,False
1733,五鼎,TWSE,COMMON_STOCK,official:twse_main,NORMAL,official:status_feeds,2026-09-24,39270.0,39.27,cache,VOLUME_LT_THRESHOLD,39.270 張 < 1000 張,False
1734,杏輝,TWSE,COMMON_STOCK,official:twse_main,NORMAL,official:status_feeds,2026-09-24,168535.0,168.535,cache,VOLUME_LT_THRESHOLD,168.535 張 < 1000 張,False
1735,日勝化,TWSE,COMMON_STOCK,official:twse_main,NORMAL,official:status_feeds,2026-09-24,19721.0,19.721,cache,VOLUME_LT_THRESHOLD,19.721 張 < 1000 張,False
1736,喬山,TWSE,COMMON_STOCK,official:twse_main,NORMAL,official:status_feeds,2026-09-24,287781.0,287.781,cache,VOLUME_LT_THRESHOLD,287.781 張 < 1000 張,False
1737,臺鹽,TWSE,COMMON_STOCK,official:twse_main,NORMAL,official:status_feeds,2026-09-24,86952.0,86.952,cache,VOLUME_LT_THRESHOLD,86.952 張 < 1000 張,False
1752,南光,TWSE,COMMON_STOCK,official:twse_main,NORMAL,official:status_feeds,2026-09-24,30214.0,30.214,cache,VOLUME_LT_THRESHOLD,30.214 張 < 1000 張,False
1760,寶齡富錦,TWSE,WARRANT,official:twse_warrant,NORMAL,official:status_feeds,,,,unavailable,PRODUCT_WARRANT,排除商品類型：WARRANT,False
1762,中化生,TWSE,COMMON_STOCK,official:twse_main,NORMAL,official:status_feeds,2026-09-24,17231.0,17.231,cache,VOLUME_LT_THRESHOLD,17.231 張 < 1000 張,False
1773,勝一,TWSE,COMMON_STOCK,official:twse_main,NORMAL,official:status_feeds,2026-09-24,385456.0,385.456,cache,VOLUME_LT_THRESHOLD,385.456 張 < 1000 張,False
1776,展宇,TWSE,COMMON_STOCK,official:twse_main,NORMAL,official:status_feeds,2026-09-24,6001.0,6.001,cache,VOLUME_LT_THRESHOLD,6.001 張 < 1000 張,False
1783,和康生,TWSE,COMMON_STOCK,official:twse_main,NORMAL,official:status_feeds,2026-09-24,20146.0,20.146,cache,VOLUME_LT_THRESHOLD,20.146 張 < 1000 張,False
1786,科妍,TWSE,COMMON_STOCK,official:twse_main,NORMAL,official:status_feeds,2026-09-24,87618.0,87.618,cache,VOLUME_LT_THRESHOLD,87.618 張 < 1000 張,False
1789,神隆,TWSE,COMMON_STOCK,official:twse_main,NORMAL,official:status_feeds,2026-09-24,295668.0,295.668,cache,VOLUME_LT_THRESHOLD,295.668 張 < 1000 張,False
1795,美時,TWSE,COMMON_STOCK,official:twse_main,NORMAL,official:status_feeds,2026-09-24,420878.0,420.878,cache,VOLUME_LT_THRESHOLD,420.878 張 < 1000 張,False
1802,台玻,TWSE,COMMON_STOCK,official:twse_main,NORMAL,official:status_feeds,2026-10-02,12062573.0,12062.573,cache,,,True
1805,寶徠,TWSE,WARRANT,official:twse_warrant,NORMAL,official:status_feeds,,,,unavailable,PRODUCT_WARRANT,排除商品類型：WARRANT,False
1806,冠軍,TWSE,COMMON_STOCK,official:twse_main,NORMAL,official:status_feeds,2026-09-24,65334.0,65.334,cache,VOLUME_LT_THRESHOLD,65.334 張 < 1000 張,False
1808,潤隆,TWSE,COMMON_STOCK,official:twse_main,NORMAL,official:status_feeds,2026-09-29,511395.0,511.395,cache,VOLUME_LT_THRESHOLD,511.395 張 < 1000 張,False
1809,中釉,TWSE,COMMON_STOCK,official:twse_main,NORMAL,official:status_feeds,2026-10-02,11390862.0,11390.862,cache,,,True
1810,和成,TWSE,COMMON_STOCK,official:twse_main,NORMAL,official:status_feeds,2026-09-24,835697.0,835.697,cache,VOLUME_LT_THRESHOLD,835.697 張 < 1000 張,False
1817,凱撒衛,TWSE,COMMON_STOCK,official:twse_main,NORMAL,official:status_feeds,2026-09-24,18513.0,18.513,cache,VOLUME_LT_THRESHOLD,18.513 張 < 1000 張,False
1903,士紙,TWSE,COMMON_STOCK,official:twse_main,NORMAL,official:status_feeds,2026-09-24,39414.0,39.414,cache,VOLUME_LT_THRESHOLD,39.414 張 < 1000 張,False
1904,正隆,TWSE,COMMON_STOCK,official:twse_main,NORMAL,official:status_feeds,2026-10-02,1110300.0,1110.3,cache,,,True
1905,華紙,TWSE,WARRANT,official:twse_warrant,NORMAL,official:status_feeds,,,,unavailable,PRODUCT_WARRANT,排除商品類型：WARRANT,False
1906,寶隆,TWSE,COMMON_STOCK,official:twse_main,NORMAL,official:status_feeds,2026-09-24,30244.0,30.244,cache,VOLUME_LT_THRESHOLD,30.244 張 < 1000 張,False
1907,永豐餘,TWSE,COMMON_STOCK,official:twse_main,NORMAL,official:status_feeds,2026-09-24,898147.0,898.147,cache,VOLUME_LT_THRESHOLD,898.147 張 < 1000 張,False
1909,榮成,TWSE,COMMON_STOCK,official:twse_main,NORMAL,official:status_feeds,2026-10-02,1620404.0,1620.404,cache,,,True
2002,中鋼,TWSE,COMMON_STOCK,official:twse_main,NORMAL,official:status_feeds,2026-10-02,21124095.0,21124.095,cache,,,True
2006,東和鋼鐵,TWSE,COMMON_STOCK,official:twse_main,NORMAL,official:status_feeds,2026-10-02,1100589.0,1100.589,cache,,,True
2007,燁興,TWSE,COMMON_STOCK,official:twse_main,NORMAL,official:status_feeds,2026-09-24,147204.0,147.204,cache,VOLUME_LT_THRESHOLD,147.204 張 < 1000 張,False
2008,高興昌,TWSE,COMMON_STOCK,official:twse_main,NORMAL,official:status_feeds,2026-09-24,12658.0,12.658,cache,VOLUME_LT_THRESHOLD,12.658 張 < 1000 張,False
2009,第一銅,TWSE,COMMON_STOCK,official:twse_main,NORMAL,official:status_feeds,2026-09-24,874995.0,874.995,cache,VOLUME_LT_THRESHOLD,874.995 張 < 1000 張,False
2010,春源,TWSE,WARRANT,official:twse_warrant,NORMAL,official:status_feeds,,,,unavailable,PRODUCT_WARRANT,排除商品類型：WARRANT,False
2012,春雨,TWSE,WARRANT,official:twse_warrant,NORMAL,official:status_feeds,,,,unavailable,PRODUCT_WARRANT,排除商品類型：WARRANT,False
2013,中鋼構,TWSE,COMMON_STOCK,official:twse_main,NORMAL,official:status_feeds,2026-09-24,61624.0,61.624,cache,VOLUME_LT_THRESHOLD,61.624 張 < 1000 張,False
2014,中鴻,TWSE,COMMON_STOCK,official:twse_main,NORMAL,official:status_feeds,2026-10-02,1520901.0,1520.901,cache,,,True
2015,豐興,TWSE,WARRANT,official:twse_warrant,NORMAL,official:status_feeds,,,,unavailable,PRODUCT_WARRANT,排除商品類型：WARRANT,False
2017,官田鋼,TWSE,COMMON_STOCK,official:twse_main,NORMAL,official:status_feeds,2026-09-24,340921.0,340.921,cache,VOLUME_LT_THRESHOLD,340.921 張 < 1000 張,False
2020,美亞,TWSE,WARRANT,official:twse_warrant,NORMAL,official:status_feeds,,,,unavailable,PRODUCT_WARRANT,排除商品類型：WARRANT,False
2022,聚亨,TWSE,WARRANT,official:twse_warrant,NORMAL,official:status_feeds,,,,unavailable,PRODUCT_WARRANT,排除商品類型：WARRANT,False
2023,燁輝,TWSE,COMMON_STOCK,official:twse_main,NORMAL,official:status_feeds,2026-09-24,765267.0,765.267,cache,VOLUME_LT_THRESHOLD,765.267 張 < 1000 張,False
2024,志聯,TWSE,COMMON_STOCK,official:twse_main,NORMAL,official:status_feeds,2026-09-24,8661.0,8.661,cache,VOLUME_LT_THRESHOLD,8.661 張 < 1000 張,False
2025,千興,TWSE,WARRANT,official:twse_warrant,NORMAL,official:status_feeds,,,,unavailable,PRODUCT_WARRANT,排除商品類型：WARRANT,False
2027,大成鋼,TWSE,COMMON_STOCK,official:twse_main,NORMAL,official:status_feeds,2026-10-02,6962195.0,6962.195,cache,,,True
2028,威致,TWSE,WARRANT,official:twse_warrant,NORMAL,official:status_feeds,,,,unavailable,PRODUCT_WARRANT,排除商品類型：WARRANT,False
2029,盛餘,TWSE,WARRANT,official:twse_warrant,NORMAL,official:status_feeds,,,,unavailable,PRODUCT_WARRANT,排除商品類型：WARRANT,False
2030,彰源,TWSE,COMMON_STOCK,official:twse_main,DISPOSAL,official:disposal,,,,unavailable,STATUS_DISPOSAL,交易狀態：DISPOSAL,False
2031,新光鋼,TWSE,COMMON_STOCK,official:twse_main,NORMAL,official:status_feeds,2026-09-24,819549.0,819.549,cache,VOLUME_LT_THRESHOLD,819.549 張 < 1000 張,False
2032,新鋼,TWSE,WARRANT,official:twse_warrant,NORMAL,official:status_feeds,,,,unavailable,PRODUCT_WARRANT,排除商品類型：WARRANT,False
2033,佳大,TWSE,WARRANT,official:twse_warrant,NORMAL,official:status_feeds,,,,unavailable,PRODUCT_WARRANT,排除商品類型：WARRANT,False
2034,允強,TWSE,COMMON_STOCK,official:twse_main,NORMAL,official:status_feeds,2026-10-02,5400624.0,5400.624,cache,,,True
2038,海光,TWSE,WARRANT,official:twse_warrant,NORMAL,official:status_feeds,,,,unavailable,PRODUCT_WARRANT,排除商品類型：WARRANT,False
2049,上銀,TWSE,COMMON_STOCK,official:twse_main,NORMAL,official:status_feeds,2026-10-02,1577341.0,1577.341,cache,,,True
2059,川湖,TWSE,COMMON_STOCK,official:twse_main,NORMAL,official:status_feeds,2026-09-24,417513.0,417.513,cache,VOLUME_LT_THRESHOLD,417.513 張 < 1000 張,False
2062,橋椿,TWSE,WARRANT,official:twse_warrant,NORMAL,official:status_feeds,,,,unavailable,PRODUCT_WARRANT,排除商品類型：WARRANT,False
2069,運錩,TWSE,COMMON_STOCK,official:twse_main,NORMAL,official:status_feeds,2026-10-02,1068140.0,1068.14,cache,,,True
2072,世紀風電,TWSE,COMMON_STOCK,official:twse_main,NORMAL,official:status_feeds,2026-09-24,229616.0,229.616,cache,VOLUME_LT_THRESHOLD,229.616 張 < 1000 張,False
2101,南港,TWSE,COMMON_STOCK,official:twse_main,NORMAL,official:status_feeds,2026-09-24,989879.0,989.879,cache,VOLUME_LT_THRESHOLD,989.879 張 < 1000 張,False
2102,泰豐,TWSE,COMMON_STOCK,official:twse_main,NORMAL,official:status_feeds,2026-09-24,888765.0,888.765,cache,VOLUME_LT_THRESHOLD,888.765 張 < 1000 張,False
2103,台橡,TWSE,WARRANT,official:twse_warrant,NORMAL,official:status_feeds,,,,unavailable,PRODUCT_WARRANT,排除商品類型：WARRANT,False
2104,國際中橡,TWSE,COMMON_STOCK,official:twse_main,NORMAL,official:status_feeds,2026-10-02,1846415.0,1846.415,cache,,,True
2105,正新,TWSE,COMMON_STOCK,official:twse_main,NORMAL,official:status_feeds,2026-10-02,3763944.0,3763.944,cache,,,True
2106,建大,TWSE,COMMON_STOCK,official:twse_main,NORMAL,official:status_feeds,2026-09-24,425210.0,425.21,cache,VOLUME_LT_THRESHOLD,425.210 張 < 1000 張,False
2107,厚生,TWSE,COMMON_STOCK,official:twse_main,NORMAL,official:status_feeds,2026-09-24,180208.0,180.208,cache,VOLUME_LT_THRESHOLD,180.208 張 < 1000 張,False
2108,南帝,TWSE,COMMON_STOCK,official:twse_main,NORMAL,official:status_feeds,2026-09-24,194171.0,194.171,cache,VOLUME_LT_THRESHOLD,194.171 張 < 1000 張,False
2109,華豐,TWSE,COMMON_STOCK,official:twse_main,NORMAL,official:status_feeds,2026-09-24,392021.0,392.021,cache,VOLUME_LT_THRESHOLD,392.021 張 < 1000 張,False
2114,鑫永銓,TWSE,COMMON_STOCK,official:twse_main,NORMAL,official:status_feeds,2026-09-24,3250.0,3.25,cache,VOLUME_LT_THRESHOLD,3.250 張 < 1000 張,False
2115,六暉-KY,TWSE,COMMON_STOCK,official:twse_main,NORMAL,official:status_feeds,2026-09-24,16000.0,16.0,cache,VOLUME_LT_THRESHOLD,16.000 張 < 1000 張,False
2201,裕隆,TWSE,COMMON_STOCK,official:twse_main,NORMAL,official:status_feeds,2026-10-02,5164307.0,5164.307,cache,,,True
2204,中華,TWSE,COMMON_STOCK,official:twse_main,NORMAL,official:status_feeds,2026-09-24,218504.0,218.504,cache,VOLUME_LT_THRESHOLD,218.504 張 < 1000 張,False
2206,三陽工業,TWSE,COMMON_STOCK,official:twse_main,NORMAL,official:status_feeds,2026-09-24,220086.0,220.086,cache,VOLUME_LT_THRESHOLD,220.086 張 < 1000 張,False
2207,和泰車,TWSE,COMMON_STOCK,official:twse_main,NORMAL,official:status_feeds,2026-09-24,270934.0,270.934,cache,VOLUME_LT_THRESHOLD,270.934 張 < 1000 張,False
2208,台船,TWSE,COMMON_STOCK,official:twse_main,NORMAL,official:status_feeds,2026-10-02,1969954.0,1969.954,cache,,,True
2211,長榮鋼,TWSE,WARRANT,official:twse_warrant,NORMAL,official:status_feeds,,,,unavailable,PRODUCT_WARRANT,排除商品類型：WARRANT,False
2227,裕日車,TWSE,COMMON_STOCK,official:twse_main,NORMAL,official:status_feeds,2026-09-24,19698.0,19.698,cache,VOLUME_LT_THRESHOLD,19.698 張 < 1000 張,False
2228,劍麟,TWSE,COMMON_STOCK,official:twse_main,NORMAL,official:status_feeds,2026-09-24,39277.0,39.277,cache,VOLUME_LT_THRESHOLD,39.277 張 < 1000 張,False
2231,為升,TWSE,COMMON_STOCK,official:twse_main,NORMAL,official:status_feeds,2026-09-24,95310.0,95.31,cache,VOLUME_LT_THRESHOLD,95.310 張 < 1000 張,False
2233,宇隆,TWSE,COMMON_STOCK,official:twse_main,NORMAL,official:status_feeds,2026-09-24,317462.0,317.462,cache,VOLUME_LT_THRESHOLD,317.462 張 < 1000 張,False
2236,百達-KY,TWSE,COMMON_STOCK,official:twse_main,NORMAL,official:status_feeds,2026-09-24,470851.0,470.851,cache,VOLUME_LT_THRESHOLD,470.851 張 < 1000 張,False
2237,華德動能-創,TWSE,COMMON_STOCK,official:twse_main,NORMAL,official:status_feeds,2026-09-24,62182.0,62.182,cache,VOLUME_LT_THRESHOLD,62.182 張 < 1000 張,False
2239,英利-KY,TWSE,COMMON_STOCK,official:twse_main,NORMAL,official:status_feeds,2026-09-24,21001.0,21.001,cache,VOLUME_LT_THRESHOLD,21.001 張 < 1000 張,False
2241,艾姆勒,TWSE,COMMON_STOCK,official:twse_main,NORMAL,official:status_feeds,2026-10-02,2571955.0,2571.955,cache,,,True
2243,宏旭-KY,TWSE,COMMON_STOCK,official:twse_main,NORMAL,official:status_feeds,2026-09-24,182750.0,182.75,cache,VOLUME_LT_THRESHOLD,182.750 張 < 1000 張,False
2247,汎德永業,TWSE,WARRANT,official:twse_warrant,NORMAL,official:status_feeds,,,,unavailable,PRODUCT_WARRANT,排除商品類型：WARRANT,False
2248,華勝-KY,TWSE,COMMON_STOCK,official:twse_main,NORMAL,official:status_feeds,2026-09-24,38424.0,38.424,cache,VOLUME_LT_THRESHOLD,38.424 張 < 1000 張,False
2250,IKKA-KY,TWSE,WARRANT,official:twse_warrant,NORMAL,official:status_feeds,,,,unavailable,PRODUCT_WARRANT,排除商品類型：WARRANT,False
2254,巨鎧精密-創,TWSE,COMMON_STOCK,official:twse_main,NORMAL,official:status_feeds,2026-10-02,2135259.0,2135.259,cache,,,True
2258,鴻華先進-創,TWSE,COMMON_STOCK,official:twse_main,NORMAL,official:status_feeds,2026-09-24,180155.0,180.155,cache,VOLUME_LT_THRESHOLD,180.155 張 < 1000 張,False
2301,光寶科,TWSE,COMMON_STOCK,official:twse_main,NORMAL,official:status_feeds,2026-10-02,7078006.0,7078.006,cache,,,True
2302,麗正,TWSE,WARRANT,official:twse_warrant,NORMAL,official:status_feeds,,,,unavailable,PRODUCT_WARRANT,排除商品類型：WARRANT,False
2303,聯電,TWSE,COMMON_STOCK,official:twse_main,NORMAL,official:status_feeds,2026-10-02,100339050.0,100339.05,cache,,,True
2305,全友,TWSE,WARRANT,official:twse_warrant,NORMAL,official:status_feeds,,,,unavailable,PRODUCT_WARRANT,排除商品類型：WARRANT,False
2308,台達電,TWSE,WARRANT,official:twse_warrant,NORMAL,official:status_feeds,,,,unavailable,PRODUCT_WARRANT,排除商品類型：WARRANT,False
2312,金寶,TWSE,COMMON_STOCK,official:twse_main,NORMAL,official:status_feeds,2026-10-02,5879296.0,5879.296,cache,,,True
2313,華通,TWSE,COMMON_STOCK,official:twse_main,NORMAL,official:status_feeds,2026-10-02,8635843.0,8635.843,cache,,,True
2314,台揚,TWSE,COMMON_STOCK,official:twse_main,NORMAL,official:status_feeds,2026-09-24,87445.0,87.445,cache,VOLUME_LT_THRESHOLD,87.445 張 < 1000 張,False
2316,楠梓電,TWSE,COMMON_STOCK,official:twse_main,NORMAL,official:status_feeds,2026-09-24,602793.0,602.793,cache,VOLUME_LT_THRESHOLD,602.793 張 < 1000 張,False
2317,鴻海,TWSE,COMMON_STOCK,official:twse_main,NORMAL,official:status_feeds,2026-10-02,30466967.0,30466.967,cache,,,True
2321,東訊,TWSE,COMMON_STOCK,official:twse_main,NORMAL,official:status_feeds,2026-09-24,377.0,0.377,cache,VOLUME_LT_THRESHOLD,0.377 張 < 1000 張,False
2324,仁寶,TWSE,COMMON_STOCK,official:twse_main,NORMAL,official:status_feeds,2026-10-02,35135273.0,35135.273,cache,,,True
2327,國巨*,TWSE,COMMON_STOCK,official:twse_main,NORMAL,official:status_feeds,2026-10-02,106667349.0,106667.349,cache,,,True
2328,廣宇,TWSE,COMMON_STOCK,official:twse_main,NORMAL,official:status_feeds,2026-09-24,797393.0,797.393,cache,VOLUME_LT_THRESHOLD,797.393 張 < 1000 張,False
2329,華泰,TWSE,COMMON_STOCK,official:twse_main,NORMAL,official:status_feeds,2026-10-02,3082944.0,3082.944,cache,,,True
2330,台積電,TWSE,WARRANT,official:twse_warrant,NORMAL,official:status_feeds,,,,unavailable,PRODUCT_WARRANT,排除商品類型：WARRANT,False
2331,精英,TWSE,COMMON_STOCK,official:twse_main,NORMAL,official:status_feeds,2026-09-24,549135.0,549.135,cache,VOLUME_LT_THRESHOLD,549.135 張 < 1000 張,False
2332,友訊,TWSE,COMMON_STOCK,official:twse_main,NORMAL,official:status_feeds,2026-10-02,4314727.0,4314.727,cache,,,True
2337,旺宏,TWSE,COMMON_STOCK,official:twse_main,NORMAL,official:status_feeds,2026-10-02,19636645.0,19636.645,cache,,,True
2338,光罩,TWSE,COMMON_STOCK,official:twse_main,NORMAL,official:status_feeds,2026-10-02,15644706.0,15644.706,cache,,,True
2340,台亞,TWSE,WARRANT,official:twse_warrant,NORMAL,official:status_feeds,,,,unavailable,PRODUCT_WARRANT,排除商品類型：WARRANT,False
2342,茂矽,TWSE,COMMON_STOCK,official:twse_main,NORMAL,official:status_feeds,2026-10-02,15524775.0,15524.775,cache,,,True
2344,華邦電,TWSE,COMMON_STOCK,official:twse_main,NORMAL,official:status_feeds,2026-10-02,74491648.0,74491.648,cache,,,True
2345,智邦,TWSE,WARRANT,official:twse_warrant,NORMAL,official:status_feeds,,,,unavailable,PRODUCT_WARRANT,排除商品類型：WARRANT,False
2347,聯強,TWSE,WARRANT,official:twse_warrant,NORMAL,official:status_feeds,,,,unavailable,PRODUCT_WARRANT,排除商品類型：WARRANT,False
2348,海悅,TWSE,COMMON_STOCK,official:twse_main,NORMAL,official:status_feeds,2026-09-24,237401.0,237.401,cache,VOLUME_LT_THRESHOLD,237.401 張 < 1000 張,False
2349,錸德,TWSE,COMMON_STOCK,official:twse_main,NORMAL,official:status_feeds,2026-09-24,941000.0,941.0,cache,VOLUME_LT_THRESHOLD,941.000 張 < 1000 張,False
2351,順德,TWSE,COMMON_STOCK,official:twse_main,NORMAL,official:status_feeds,2026-10-02,3165920.0,3165.92,cache,,,True
2352,佳世達,TWSE,WARRANT,official:twse_warrant,NORMAL,official:status_feeds,,,,unavailable,PRODUCT_WARRANT,排除商品類型：WARRANT,False
2353,宏碁,TWSE,COMMON_STOCK,official:twse_main,NORMAL,official:status_feeds,2026-10-02,13319795.0,13319.795,cache,,,True
2354,鴻準,TWSE,COMMON_STOCK,official:twse_main,NORMAL,official:status_feeds,2026-10-02,8981747.0,8981.747,cache,,,True
2355,敬鵬,TWSE,WARRANT,official:twse_warrant,NORMAL,official:status_feeds,,,,unavailable,PRODUCT_WARRANT,排除商品類型：WARRANT,False
2356,英業達,TWSE,COMMON_STOCK,official:twse_main,NORMAL,official:status_feeds,2026-10-02,11624754.0,11624.754,cache,,,True
2357,華碩,TWSE,COMMON_STOCK,official:twse_main,NORMAL,official:status_feeds,2026-10-02,1166554.0,1166.554,cache,,,True
2359,所羅門,TWSE,COMMON_STOCK,official:twse_main,NORMAL,official:status_feeds,2026-09-24,878250.0,878.25,cache,VOLUME_LT_THRESHOLD,878.250 張 < 1000 張,False
2360,致茂,TWSE,WARRANT,official:twse_warrant,NORMAL,official:status_feeds,,,,unavailable,PRODUCT_WARRANT,排除商品類型：WARRANT,False
2362,藍天,TWSE,COMMON_STOCK,official:twse_main,NORMAL,official:status_feeds,2026-09-24,236155.0,236.155,cache,VOLUME_LT_THRESHOLD,236.155 張 < 1000 張,False
2363,矽統,TWSE,COMMON_STOCK,official:twse_main,NORMAL,official:status_feeds,2026-10-02,15579464.0,15579.464,cache,,,True
2364,倫飛,TWSE,COMMON_STOCK,official:twse_main,NORMAL,official:status_feeds,2026-09-24,87979.0,87.979,cache,VOLUME_LT_THRESHOLD,87.979 張 < 1000 張,False
2365,昆盈,TWSE,COMMON_STOCK,official:twse_main,NORMAL,official:status_feeds,2026-09-24,295591.0,295.591,cache,VOLUME_LT_THRESHOLD,295.591 張 < 1000 張,False
2367,燿華,TWSE,COMMON_STOCK,official:twse_main,NORMAL,official:status_feeds,2026-10-02,7376988.0,7376.988,cache,,,True
2368,金像電,TWSE,COMMON_STOCK,official:twse_main,NORMAL,official:status_feeds,2026-10-02,7170519.0,7170.519,cache,,,True
2369,菱生,TWSE,COMMON_STOCK,official:twse_main,NORMAL,official:status_feeds,2026-10-02,3431170.0,3431.17,cache,,,True
2371,大同,TWSE,COMMON_STOCK,official:twse_main,NORMAL,official:status_feeds,2026-10-02,18900562.0,18900.562,cache,,,True
2373,震旦行,TWSE,COMMON_STOCK,official:twse_main,NORMAL,official:status_feeds,2026-09-24,4080.0,4.08,cache,VOLUME_LT_THRESHOLD,4.080 張 < 1000 張,False
2374,佳能,TWSE,COMMON_STOCK,official:twse_main,NORMAL,official:status_feeds,2026-09-24,953374.0,953.374,cache,VOLUME_LT_THRESHOLD,953.374 張 < 1000 張,False
2375,凱美,TWSE,WARRANT,official:twse_warrant,NORMAL,official:status_feeds,,,,unavailable,PRODUCT_WARRANT,排除商品類型：WARRANT,False
2376,技嘉,TWSE,COMMON_STOCK,official:twse_main,NORMAL,official:status_feeds,2026-10-02,9164965.0,9164.965,cache,,,True
2377,微星,TWSE,WARRANT,official:twse_warrant,NORMAL,official:status_feeds,,,,unavailable,PRODUCT_WARRANT,排除商品類型：WARRANT,False
2379,瑞昱,TWSE,COMMON_STOCK,official:twse_main,NORMAL,official:status_feeds,2026-10-02,1632949.0,1632.949,cache,,,True
2380,虹光,TWSE,WARRANT,official:twse_warrant,NORMAL,official:status_feeds,,,,unavailable,PRODUCT_WARRANT,排除商品類型：WARRANT,False
2382,廣達,TWSE,COMMON_STOCK,official:twse_main,NORMAL,official:status_feeds,2026-10-02,10305780.0,10305.78,cache,,,True
2383,台光電,TWSE,COMMON_STOCK,official:twse_main,NORMAL,official:status_feeds,2026-10-02,2397410.0,2397.41,cache,,,True
2385,群光,TWSE,WARRANT,official:twse_warrant,NORMAL,official:status_feeds,,,,unavailable,PRODUCT_WARRANT,排除商品類型：WARRANT,False
2387,精元,TWSE,COMMON_STOCK,official:twse_main,NORMAL,official:status_feeds,2026-09-24,104425.0,104.425,cache,VOLUME_LT_THRESHOLD,104.425 張 < 1000 張,False
2388,威盛,TWSE,WARRANT,official:twse_warrant,NORMAL,official:status_feeds,,,,unavailable,PRODUCT_WARRANT,排除商品類型：WARRANT,False
2390,云辰,TWSE,COMMON_STOCK,official:twse_main,NORMAL,official:status_feeds,2026-09-24,91320.0,91.32,cache,VOLUME_LT_THRESHOLD,91.320 張 < 1000 張,False
2392,正崴,TWSE,COMMON_STOCK,official:twse_main,NORMAL,official:status_feeds,2026-10-01,893005.0,893.005,cache,VOLUME_LT_THRESHOLD,893.005 張 < 1000 張,False
2393,億光,TWSE,COMMON_STOCK,official:twse_main,NORMAL,official:status_feeds,2026-10-02,2465307.0,2465.307,cache,,,True
2395,研華,TWSE,COMMON_STOCK,official:twse_main,NORMAL,official:status_feeds,2026-10-02,2331301.0,2331.301,cache,,,True
2397,友通,TWSE,COMMON_STOCK,official:twse_main,NORMAL,official:status_feeds,2026-09-24,100308.0,100.308,cache,VOLUME_LT_THRESHOLD,100.308 張 < 1000 張,False
2399,映泰,TWSE,COMMON_STOCK,official:twse_main,NORMAL,official:status_feeds,2026-10-02,8735540.0,8735.54,cache,,,True
2401,凌陽,TWSE,COMMON_STOCK,official:twse_main,NORMAL,official:status_feeds,2026-10-02,5358097.0,5358.097,cache,,,True
2402,毅嘉,TWSE,COMMON_STOCK,official:twse_main,NORMAL,official:status_feeds,2026-09-24,860023.0,860.023,cache,VOLUME_LT_THRESHOLD,860.023 張 < 1000 張,False
2404,漢唐,TWSE,COMMON_STOCK,official:twse_main,NORMAL,official:status_feeds,2026-10-02,2191273.0,2191.273,cache,,,True
2405,輔信,TWSE,COMMON_STOCK,official:twse_main,NORMAL,official:status_feeds,2026-09-24,637095.0,637.095,cache,VOLUME_LT_THRESHOLD,637.095 張 < 1000 張,False
2406,國碩,TWSE,COMMON_STOCK,official:twse_main,NORMAL,official:status_feeds,2026-10-02,5205433.0,5205.433,cache,,,True
2408,南亞科,TWSE,COMMON_STOCK,official:twse_main,NORMAL,official:status_feeds,2026-10-02,36677068.0,36677.068,cache,,,True
2409,友達,TWSE,COMMON_STOCK,official:twse_main,NORMAL,official:status_feeds,2026-10-02,701554317.0,701554.317,cache,,,True
2412,中華電,TWSE,COMMON_STOCK,official:twse_main,NORMAL,official:status_feeds,2026-10-02,10009961.0,10009.961,cache,,,True
2413,環科,TWSE,COMMON_STOCK,official:twse_main,NORMAL,official:status_feeds,2026-10-02,1936535.0,1936.535,cache,,,True
2414,精技,TWSE,COMMON_STOCK,official:twse_main,NORMAL,official:status_feeds,2026-09-24,50580.0,50.58,cache,VOLUME_LT_THRESHOLD,50.580 張 < 1000 張,False
2415,錩新,TWSE,WARRANT,official:twse_warrant,NORMAL,official:status_feeds,,,,unavailable,PRODUCT_WARRANT,排除商品類型：WARRANT,False
2417,圓剛,TWSE,COMMON_STOCK,official:twse_main,NORMAL,official:status_feeds,2026-09-24,260302.0,260.302,cache,VOLUME_LT_THRESHOLD,260.302 張 < 1000 張,False
2419,仲琦,TWSE,COMMON_STOCK,official:twse_main,NORMAL,official:status_feeds,2026-09-24,928764.0,928.764,cache,VOLUME_LT_THRESHOLD,928.764 張 < 1000 張,False
2420,新巨,TWSE,WARRANT,official:twse_warrant,NORMAL,official:status_feeds,,,,unavailable,PRODUCT_WARRANT,排除商品類型：WARRANT,False
2421,建準,TWSE,COMMON_STOCK,official:twse_main,NORMAL,official:status_feeds,2026-10-02,1705201.0,1705.201,cache,,,True
2423,固緯,TWSE,COMMON_STOCK,official:twse_main,NORMAL,official:status_feeds,2026-09-24,132973.0,132.973,cache,VOLUME_LT_THRESHOLD,132.973 張 < 1000 張,False
2424,隴華,TWSE,COMMON_STOCK,official:twse_main,NORMAL,official:status_feeds,2026-09-24,22000.0,22.0,cache,VOLUME_LT_THRESHOLD,22.000 張 < 1000 張,False
2425,承啟,TWSE,COMMON_STOCK,official:twse_main,NORMAL,official:status_feeds,2026-09-24,263492.0,263.492,cache,VOLUME_LT_THRESHOLD,263.492 張 < 1000 張,False
2426,鼎元,TWSE,COMMON_STOCK,official:twse_main,NORMAL,official:status_feeds,2026-10-02,30702529.0,30702.529,cache,,,True
2427,三商電,TWSE,COMMON_STOCK,official:twse_main,NORMAL,official:status_feeds,2026-09-24,500406.0,500.406,cache,VOLUME_LT_THRESHOLD,500.406 張 < 1000 張,False
2428,興勤,TWSE,COMMON_STOCK,official:twse_main,NORMAL,official:status_feeds,2026-09-24,496159.0,496.159,cache,VOLUME_LT_THRESHOLD,496.159 張 < 1000 張,False
2429,銘旺科,TWSE,COMMON_STOCK,official:twse_main,NORMAL,official:status_feeds,2026-09-24,116086.0,116.086,cache,VOLUME_LT_THRESHOLD,116.086 張 < 1000 張,False
2430,燦坤,TWSE,WARRANT,official:twse_warrant,NORMAL,official:status_feeds,,,,unavailable,PRODUCT_WARRANT,排除商品類型：WARRANT,False
2431,聯昌,TWSE,COMMON_STOCK,official:twse_main,NORMAL,official:status_feeds,2026-09-24,73469.0,73.469,cache,VOLUME_LT_THRESHOLD,73.469 張 < 1000 張,False
2432,倚天酷碁-創,TWSE,COMMON_STOCK,official:twse_main,NORMAL,official:status_feeds,2026-09-24,25100.0,25.1,cache,VOLUME_LT_THRESHOLD,25.100 張 < 1000 張,False
2433,互盛電,TWSE,COMMON_STOCK,official:twse_main,NORMAL,official:status_feeds,2026-09-24,29084.0,29.084,cache,VOLUME_LT_THRESHOLD,29.084 張 < 1000 張,False
2434,統懋,TWSE,COMMON_STOCK,official:twse_main,NORMAL,official:status_feeds,2026-09-24,507659.0,507.659,cache,VOLUME_LT_THRESHOLD,507.659 張 < 1000 張,False
2436,偉詮電,TWSE,COMMON_STOCK,official:twse_main,NORMAL,official:status_feeds,2026-10-02,6180465.0,6180.465,cache,,,True
2438,翔耀,TWSE,COMMON_STOCK,official:twse_main,NORMAL,official:status_feeds,2026-09-24,62725.0,62.725,cache,VOLUME_LT_THRESHOLD,62.725 張 < 1000 張,False
2439,美律,TWSE,COMMON_STOCK,official:twse_main,NORMAL,official:status_feeds,2026-09-24,780903.0,780.903,cache,VOLUME_LT_THRESHOLD,780.903 張 < 1000 張,False
2440,太空梭,TWSE,WARRANT,official:twse_warrant,NORMAL,official:status_feeds,,,,unavailable,PRODUCT_WARRANT,排除商品類型：WARRANT,False
2441,超豐,TWSE,COMMON_STOCK,official:twse_main,NORMAL,official:status_feeds,2026-10-02,3477871.0,3477.871,cache,,,True
2442,新美齊,TWSE,COMMON_STOCK,official:twse_main,NORMAL,official:status_feeds,2026-09-24,701204.0,701.204,cache,VOLUME_LT_THRESHOLD,701.204 張 < 1000 張,False
2444,兆勁,TWSE,COMMON_STOCK,official:twse_main,NORMAL,official:status_feeds,2026-10-02,5722454.0,5722.454,cache,,,True
2449,京元電子,TWSE,COMMON_STOCK,official:twse_main,NORMAL,official:status_feeds,2026-10-02,13902351.0,13902.351,cache,,,True
2450,神腦,TWSE,WARRANT,official:twse_warrant,NORMAL,official:status_feeds,,,,unavailable,PRODUCT_WARRANT,排除商品類型：WARRANT,False
2451,創見,TWSE,COMMON_STOCK,official:twse_main,NORMAL,official:status_feeds,2026-10-02,1091828.0,1091.828,cache,,,True
2453,凌群,TWSE,COMMON_STOCK,official:twse_main,NORMAL,official:status_feeds,2026-09-24,262272.0,262.272,cache,VOLUME_LT_THRESHOLD,262.272 張 < 1000 張,False
2454,聯發科,TWSE,WARRANT,official:twse_warrant,NORMAL,official:status_feeds,,,,unavailable,PRODUCT_WARRANT,排除商品類型：WARRANT,False
2455,全新,TWSE,WARRANT,official:twse_warrant,DISPOSAL,official:disposal,,,,unavailable,PRODUCT_WARRANT,排除商品類型：WARRANT,False
2457,飛宏,TWSE,COMMON_STOCK,official:twse_main,NORMAL,official:status_feeds,2026-09-24,708477.0,708.477,cache,VOLUME_LT_THRESHOLD,708.477 張 < 1000 張,False
2458,義隆,TWSE,WARRANT,official:twse_warrant,NORMAL,official:status_feeds,,,,unavailable,PRODUCT_WARRANT,排除商品類型：WARRANT,False
2459,敦吉,TWSE,COMMON_STOCK,official:twse_main,NORMAL,official:status_feeds,2026-09-24,67374.0,67.374,cache,VOLUME_LT_THRESHOLD,67.374 張 < 1000 張,False
2460,建通,TWSE,WARRANT,official:twse_warrant,NORMAL,official:status_feeds,,,,unavailable,PRODUCT_WARRANT,排除商品類型：WARRANT,False
2461,光群雷,TWSE,COMMON_STOCK,official:twse_main,NORMAL,official:status_feeds,2026-09-24,291344.0,291.344,cache,VOLUME_LT_THRESHOLD,291.344 張 < 1000 張,False
2462,良得電,TWSE,COMMON_STOCK,official:twse_main,NORMAL,official:status_feeds,2026-09-24,132016.0,132.016,cache,VOLUME_LT_THRESHOLD,132.016 張 < 1000 張,False
2464,盟立,TWSE,COMMON_STOCK,official:twse_main,NORMAL,official:status_feeds,2026-10-02,11541972.0,11541.972,cache,,,True
2465,麗臺,TWSE,WARRANT,official:twse_warrant,NORMAL,official:status_feeds,,,,unavailable,PRODUCT_WARRANT,排除商品類型：WARRANT,False
2466,冠西電,TWSE,COMMON_STOCK,official:twse_main,NORMAL,official:status_feeds,2026-10-02,2480183.0,2480.183,cache,,,True
2467,志聖,TWSE,WARRANT,official:twse_warrant,NORMAL,official:status_feeds,,,,unavailable,PRODUCT_WARRANT,排除商品類型：WARRANT,False
2468,華經,TWSE,COMMON_STOCK,official:twse_main,NORMAL,official:status_feeds,2026-10-02,1437269.0,1437.269,cache,,,True
2471,資通,TWSE,COMMON_STOCK,official:twse_main,NORMAL,official:status_feeds,2026-09-24,432876.0,432.876,cache,VOLUME_LT_THRESHOLD,432.876 張 < 1000 張,False
2472,立隆電,TWSE,COMMON_STOCK,official:twse_main,NORMAL,official:status_feeds,2026-10-02,4791775.0,4791.775,cache,,,True
2474,可成,TWSE,COMMON_STOCK,official:twse_main,NORMAL,official:status_feeds,2026-10-02,1050240.0,1050.24,cache,,,True
2476,鉅祥,TWSE,COMMON_STOCK,official:twse_main,NORMAL,official:status_feeds,2026-09-24,721500.0,721.5,cache,VOLUME_LT_THRESHOLD,721.500 張 < 1000 張,False
2477,美隆電,TWSE,COMMON_STOCK,official:twse_main,NORMAL,official:status_feeds,2026-09-24,92563.0,92.563,cache,VOLUME_LT_THRESHOLD,92.563 張 < 1000 張,False
2478,大毅,TWSE,COMMON_STOCK,official:twse_main,NORMAL,official:status_feeds,2026-09-30,985080.0,985.08,cache,VOLUME_LT_THRESHOLD,985.080 張 < 1000 張,False
2480,敦陽科,TWSE,WARRANT,official:twse_warrant,NORMAL,official:status_feeds,,,,unavailable,PRODUCT_WARRANT,排除商品類型：WARRANT,False
2481,強茂,TWSE,COMMON_STOCK,official:twse_main,NORMAL,official:status_feeds,2026-10-02,28414583.0,28414.583,cache,,,True
2482,連宇,TWSE,COMMON_STOCK,official:twse_main,NORMAL,official:status_feeds,2026-09-24,49358.0,49.358,cache,VOLUME_LT_THRESHOLD,49.358 張 < 1000 張,False
2483,百容,TWSE,COMMON_STOCK,official:twse_main,NORMAL,official:status_feeds,2026-09-24,341412.0,341.412,cache,VOLUME_LT_THRESHOLD,341.412 張 < 1000 張,False
2484,希華,TWSE,COMMON_STOCK,official:twse_main,NORMAL,official:status_feeds,2026-10-02,46132849.0,46132.849,cache,,,True
2485,兆赫,TWSE,COMMON_STOCK,official:twse_main,NORMAL,official:status_feeds,2026-10-02,2231409.0,2231.409,cache,,,True
2486,一詮,TWSE,COMMON_STOCK,official:twse_main,NORMAL,official:status_feeds,2026-10-02,3396108.0,3396.108,cache,,,True
2488,漢平,TWSE,COMMON_STOCK,official:twse_main,NORMAL,official:status_feeds,2026-09-24,43260.0,43.26,cache,VOLUME_LT_THRESHOLD,43.260 張 < 1000 張,False
2489,瑞軒,TWSE,COMMON_STOCK,official:twse_main,NORMAL,official:status_feeds,2026-10-02,15967742.0,15967.742,cache,,,True
2491,吉祥全,TWSE,COMMON_STOCK,official:twse_main,NORMAL,official:status_feeds,2026-09-24,534954.0,534.954,cache,VOLUME_LT_THRESHOLD,534.954 張 < 1000 張,False
2492,華新科,TWSE,COMMON_STOCK,official:twse_main,NORMAL,official:status_feeds,2026-10-02,55788034.0,55788.034,cache,,,True
2493,揚博,TWSE,COMMON_STOCK,official:twse_main,NORMAL,official:status_feeds,2026-10-01,988907.0,988.907,cache,VOLUME_LT_THRESHOLD,988.907 張 < 1000 張,False
2495,普安,TWSE,WARRANT,official:twse_warrant,NORMAL,official:status_feeds,,,,unavailable,PRODUCT_WARRANT,排除商品類型：WARRANT,False
2496,卓越,TWSE,COMMON_STOCK,official:twse_main,NORMAL,official:status_feeds,2026-09-24,12765.0,12.765,cache,VOLUME_LT_THRESHOLD,12.765 張 < 1000 張,False
2497,怡利電,TWSE,WARRANT,official:twse_warrant,NORMAL,official:status_feeds,,,,unavailable,PRODUCT_WARRANT,排除商品類型：WARRANT,False
2498,宏達電,TWSE,COMMON_STOCK,official:twse_main,NORMAL,official:status_feeds,2026-10-02,7419209.0,7419.209,cache,,,True
2501,國建,TWSE,ETF,official:twse_fund,NORMAL,official:status_feeds,,,,unavailable,PRODUCT_ETF,排除商品類型：ETF,False
2504,國產,TWSE,ETF,official:twse_fund,NORMAL,official:status_feeds,,,,unavailable,PRODUCT_ETF,排除商品類型：ETF,False
2505,國揚,TWSE,COMMON_STOCK,official:twse_main,NORMAL,official:status_feeds,2026-09-24,489277.0,489.277,cache,VOLUME_LT_THRESHOLD,489.277 張 < 1000 張,False
2506,太設,TWSE,COMMON_STOCK,official:twse_main,NORMAL,official:status_feeds,2026-09-24,125845.0,125.845,cache,VOLUME_LT_THRESHOLD,125.845 張 < 1000 張,False
2509,全坤建,TWSE,ETF,official:twse_fund,NORMAL,official:status_feeds,,,,unavailable,PRODUCT_ETF,排除商品類型：ETF,False
2511,太子,TWSE,COMMON_STOCK,official:twse_main,NORMAL,official:status_feeds,2026-09-24,392569.0,392.569,cache,VOLUME_LT_THRESHOLD,392.569 張 < 1000 張,False
2514,龍邦,TWSE,COMMON_STOCK,official:twse_main,NORMAL,official:status_feeds,2026-09-24,77158.0,77.158,cache,VOLUME_LT_THRESHOLD,77.158 張 < 1000 張,False
2515,中工,TWSE,WARRANT,official:twse_warrant,NORMAL,official:status_feeds,,,,unavailable,PRODUCT_WARRANT,排除商品類型：WARRANT,False
2516,新建,TWSE,COMMON_STOCK,official:twse_main,NORMAL,official:status_feeds,2026-09-24,864916.0,864.916,cache,VOLUME_LT_THRESHOLD,864.916 張 < 1000 張,False
2520,冠德,TWSE,COMMON_STOCK,official:twse_main,NORMAL,official:status_feeds,2026-09-24,937879.0,937.879,cache,VOLUME_LT_THRESHOLD,937.879 張 < 1000 張,False
2524,京城,TWSE,COMMON_STOCK,official:twse_main,NORMAL,official:status_feeds,2026-09-24,29217.0,29.217,cache,VOLUME_LT_THRESHOLD,29.217 張 < 1000 張,False
2527,宏璟,TWSE,COMMON_STOCK,official:twse_main,NORMAL,official:status_feeds,2026-09-24,469702.0,469.702,cache,VOLUME_LT_THRESHOLD,469.702 張 < 1000 張,False
2528,皇普,TWSE,COMMON_STOCK,official:twse_main,NORMAL,official:status_feeds,2026-09-24,127050.0,127.05,cache,VOLUME_LT_THRESHOLD,127.050 張 < 1000 張,False
2530,華建,TWSE,WARRANT,official:twse_warrant,NORMAL,official:status_feeds,,,,unavailable,PRODUCT_WARRANT,排除商品類型：WARRANT,False
2534,宏盛,TWSE,COMMON_STOCK,official:twse_main,NORMAL,official:status_feeds,2026-09-24,260385.0,260.385,cache,VOLUME_LT_THRESHOLD,260.385 張 < 1000 張,False
2535,達欣工,TWSE,COMMON_STOCK,official:twse_main,NORMAL,official:status_feeds,2026-09-24,359976.0,359.976,cache,VOLUME_LT_THRESHOLD,359.976 張 < 1000 張,False
2536,宏普,TWSE,COMMON_STOCK,official:twse_main,NORMAL,official:status_feeds,2026-09-24,376183.0,376.183,cache,VOLUME_LT_THRESHOLD,376.183 張 < 1000 張,False
2537,聯上發,TWSE,COMMON_STOCK,official:twse_main,NORMAL,official:status_feeds,2026-09-24,189889.0,189.889,cache,VOLUME_LT_THRESHOLD,189.889 張 < 1000 張,False
2538,基泰,TWSE,WARRANT,official:twse_warrant,NORMAL,official:status_feeds,,,,unavailable,PRODUCT_WARRANT,排除商品類型：WARRANT,False
2539,櫻花建,TWSE,COMMON_STOCK,official:twse_main,NORMAL,official:status_feeds,2026-09-30,657424.0,657.424,cache,VOLUME_LT_THRESHOLD,657.424 張 < 1000 張,False
2540,愛山林,TWSE,WARRANT,official:twse_warrant,NORMAL,official:status_feeds,,,,unavailable,PRODUCT_WARRANT,排除商品類型：WARRANT,False
2542,興富發,TWSE,COMMON_STOCK,official:twse_main,NORMAL,official:status_feeds,2026-10-02,8587725.0,8587.725,cache,,,True
2543,皇昌,TWSE,COMMON_STOCK,official:twse_main,NORMAL,official:status_feeds,2026-09-24,357734.0,357.734,cache,VOLUME_LT_THRESHOLD,357.734 張 < 1000 張,False
2545,皇翔,TWSE,COMMON_STOCK,official:twse_main,NORMAL,official:status_feeds,2026-09-24,59553.0,59.553,cache,VOLUME_LT_THRESHOLD,59.553 張 < 1000 張,False
2546,根基,TWSE,COMMON_STOCK,official:twse_main,NORMAL,official:status_feeds,2026-09-24,80044.0,80.044,cache,VOLUME_LT_THRESHOLD,80.044 張 < 1000 張,False
2547,日勝生,TWSE,COMMON_STOCK,official:twse_main,NORMAL,official:status_feeds,2026-09-29,774661.0,774.661,cache,VOLUME_LT_THRESHOLD,774.661 張 < 1000 張,False
2548,華固,TWSE,COMMON_STOCK,official:twse_main,NORMAL,official:status_feeds,2026-09-24,324548.0,324.548,cache,VOLUME_LT_THRESHOLD,324.548 張 < 1000 張,False
2597,潤弘,TWSE,COMMON_STOCK,official:twse_main,NORMAL,official:status_feeds,2026-09-24,180208.0,180.208,cache,VOLUME_LT_THRESHOLD,180.208 張 < 1000 張,False
2603,長榮,TWSE,COMMON_STOCK,official:twse_main,NORMAL,official:status_feeds,2026-10-02,5621086.0,5621.086,cache,,,True
2605,新興,TWSE,WARRANT,official:twse_warrant,NORMAL,official:status_feeds,,,,unavailable,PRODUCT_WARRANT,排除商品類型：WARRANT,False
2606,裕民,TWSE,COMMON_STOCK,official:twse_main,NORMAL,official:status_feeds,2026-10-02,3649164.0,3649.164,cache,,,True
2607,榮運,TWSE,COMMON_STOCK,official:twse_main,NORMAL,official:status_feeds,2026-09-24,216362.0,216.362,cache,VOLUME_LT_THRESHOLD,216.362 張 < 1000 張,False
2608,嘉里大榮,TWSE,COMMON_STOCK,official:twse_main,NORMAL,official:status_feeds,2026-09-24,92755.0,92.755,cache,VOLUME_LT_THRESHOLD,92.755 張 < 1000 張,False
2609,陽明,TWSE,WARRANT,official:twse_warrant,NORMAL,official:status_feeds,,,,unavailable,PRODUCT_WARRANT,排除商品類型：WARRANT,False
2610,華航,TWSE,WARRANT,official:twse_warrant,NORMAL,official:status_feeds,,,,unavailable,PRODUCT_WARRANT,排除商品類型：WARRANT,False
2611,志信,TWSE,COMMON_STOCK,official:twse_main,NORMAL,official:status_feeds,2026-09-24,286922.0,286.922,cache,VOLUME_LT_THRESHOLD,286.922 張 < 1000 張,False
2612,中航,TWSE,COMMON_STOCK,official:twse_main,NORMAL,official:status_feeds,2026-09-24,244146.0,244.146,cache,VOLUME_LT_THRESHOLD,244.146 張 < 1000 張,False
2613,中櫃,TWSE,COMMON_STOCK,official:twse_main,NORMAL,official:status_feeds,2026-09-24,130355.0,130.355,cache,VOLUME_LT_THRESHOLD,130.355 張 < 1000 張,False
2614,東森,TWSE,COMMON_STOCK,official:twse_main,NORMAL,official:status_feeds,2026-09-24,320181.0,320.181,cache,VOLUME_LT_THRESHOLD,320.181 張 < 1000 張,False
2615,萬海,TWSE,COMMON_STOCK,official:twse_main,NORMAL,official:status_feeds,2026-10-02,4638177.0,4638.177,cache,,,True
2616,山隆,TWSE,WARRANT,official:twse_warrant,NORMAL,official:status_feeds,,,,unavailable,PRODUCT_WARRANT,排除商品類型：WARRANT,False
2617,台航,TWSE,COMMON_STOCK,official:twse_main,NORMAL,official:status_feeds,2026-09-24,575669.0,575.669,cache,VOLUME_LT_THRESHOLD,575.669 張 < 1000 張,False
2618,長榮航,TWSE,COMMON_STOCK,official:twse_main,NORMAL,official:status_feeds,2026-10-02,8563147.0,8563.147,cache,,,True
2630,亞航,TWSE,WARRANT,official:twse_warrant,NORMAL,official:status_feeds,,,,unavailable,PRODUCT_WARRANT,排除商品類型：WARRANT,False
2633,台灣高鐵,TWSE,COMMON_STOCK,official:twse_main,NORMAL,official:status_feeds,2026-10-02,3723884.0,3723.884,cache,,,True
2634,漢翔,TWSE,COMMON_STOCK,official:twse_main,NORMAL,official:status_feeds,2026-10-02,12874547.0,12874.547,cache,,,True
2636,台驊控股,TWSE,COMMON_STOCK,official:twse_main,NORMAL,official:status_feeds,2026-09-29,222241.0,222.241,cache,VOLUME_LT_THRESHOLD,222.241 張 < 1000 張,False
2637,慧洋-KY,TWSE,COMMON_STOCK,official:twse_main,NORMAL,official:status_feeds,2026-10-02,1864997.0,1864.997,cache,,,True
2642,宅配通,TWSE,COMMON_STOCK,official:twse_main,NORMAL,official:status_feeds,2026-09-24,15508.0,15.508,cache,VOLUME_LT_THRESHOLD,15.508 張 < 1000 張,False
2645,長榮航太,TWSE,WARRANT,official:twse_warrant,NORMAL,official:status_feeds,,,,unavailable,PRODUCT_WARRANT,排除商品類型：WARRANT,False
2646,星宇航空,TWSE,COMMON_STOCK,official:twse_main,NORMAL,official:status_feeds,2026-10-02,2950628.0,2950.628,cache,,,True
2701,萬企,TWSE,COMMON_STOCK,official:twse_main,NORMAL,official:status_feeds,2026-09-24,118963.0,118.963,cache,VOLUME_LT_THRESHOLD,118.963 張 < 1000 張,False
2702,華園,TWSE,COMMON_STOCK,official:twse_main,NORMAL,official:status_feeds,2026-09-24,29765.0,29.765,cache,VOLUME_LT_THRESHOLD,29.765 張 < 1000 張,False
2704,國賓,TWSE,COMMON_STOCK,official:twse_main,NORMAL,official:status_feeds,2026-09-24,18064.0,18.064,cache,VOLUME_LT_THRESHOLD,18.064 張 < 1000 張,False
2705,六福,TWSE,COMMON_STOCK,official:twse_main,NORMAL,official:status_feeds,2026-09-24,82592.0,82.592,cache,VOLUME_LT_THRESHOLD,82.592 張 < 1000 張,False
2706,第一店,TWSE,ETF,official:twse_fund,NORMAL,official:status_feeds,,,,unavailable,PRODUCT_ETF,排除商品類型：ETF,False
2707,晶華,TWSE,COMMON_STOCK,official:twse_main,NORMAL,official:status_feeds,2026-09-24,87537.0,87.537,cache,VOLUME_LT_THRESHOLD,87.537 張 < 1000 張,False
2712,遠雄來,TWSE,COMMON_STOCK,official:twse_main,NORMAL,official:status_feeds,2026-09-24,4100.0,4.1,cache,VOLUME_LT_THRESHOLD,4.100 張 < 1000 張,False
2722,夏都,TWSE,COMMON_STOCK,official:twse_main,NORMAL,official:status_feeds,2026-09-24,29057.0,29.057,cache,VOLUME_LT_THRESHOLD,29.057 張 < 1000 張,False
2723,美食-KY,TWSE,WARRANT,official:twse_warrant,NORMAL,official:status_feeds,,,,unavailable,PRODUCT_WARRANT,排除商品類型：WARRANT,False
2727,王品,TWSE,COMMON_STOCK,official:twse_main,NORMAL,official:status_feeds,2026-09-24,526585.0,526.585,cache,VOLUME_LT_THRESHOLD,526.585 張 < 1000 張,False
2731,雄獅,TWSE,COMMON_STOCK,official:twse_main,NORMAL,official:status_feeds,2026-09-24,159511.0,159.511,cache,VOLUME_LT_THRESHOLD,159.511 張 < 1000 張,False
2739,寒舍,TWSE,COMMON_STOCK,official:twse_main,NORMAL,official:status_feeds,2026-09-24,105339.0,105.339,cache,VOLUME_LT_THRESHOLD,105.339 張 < 1000 張,False
2748,雲品,TWSE,COMMON_STOCK,official:twse_main,NORMAL,official:status_feeds,2026-09-24,61491.0,61.491,cache,VOLUME_LT_THRESHOLD,61.491 張 < 1000 張,False
2753,八方雲集,TWSE,COMMON_STOCK,official:twse_main,NORMAL,official:status_feeds,2026-09-24,34563.0,34.563,cache,VOLUME_LT_THRESHOLD,34.563 張 < 1000 張,False
2762,世界健身-KY,TWSE,COMMON_STOCK,official:twse_main,NORMAL,official:status_feeds,2026-09-24,64363.0,64.363,cache,VOLUME_LT_THRESHOLD,64.363 張 < 1000 張,False
2801,彰銀,TWSE,COMMON_STOCK,official:twse_main,NORMAL,official:status_feeds,2026-10-02,20636594.0,20636.594,cache,,,True
2812,台中銀,TWSE,WARRANT,official:twse_warrant,NORMAL,official:status_feeds,,,,unavailable,PRODUCT_WARRANT,排除商品類型：WARRANT,False
2816,旺旺保,TWSE,COMMON_STOCK,official:twse_main,NORMAL,official:status_feeds,2026-09-24,324599.0,324.599,cache,VOLUME_LT_THRESHOLD,324.599 張 < 1000 張,False
2820,華票,TWSE,COMMON_STOCK,official:twse_main,NORMAL,official:status_feeds,2026-10-02,2798555.0,2798.555,cache,,,True
2832,台產,TWSE,COMMON_STOCK,official:twse_main,NORMAL,official:status_feeds,2026-09-24,86239.0,86.239,cache,VOLUME_LT_THRESHOLD,86.239 張 < 1000 張,False
2834,臺企銀,TWSE,COMMON_STOCK,official:twse_main,NORMAL,official:status_feeds,2026-10-02,12028725.0,12028.725,cache,,,True
2836,高雄銀,TWSE,COMMON_STOCK,official:twse_main,NORMAL,official:status_feeds,2026-09-24,529445.0,529.445,cache,VOLUME_LT_THRESHOLD,529.445 張 < 1000 張,False
2838,聯邦銀,TWSE,COMMON_STOCK,official:twse_main,NORMAL,official:status_feeds,2026-10-02,1713294.0,1713.294,cache,,,True
2845,遠東銀,TWSE,WARRANT,official:twse_warrant,NORMAL,official:status_feeds,,,,unavailable,PRODUCT_WARRANT,排除商品類型：WARRANT,False
2849,安泰銀,TWSE,COMMON_STOCK,official:twse_main,NORMAL,official:status_feeds,2026-09-24,181693.0,181.693,cache,VOLUME_LT_THRESHOLD,181.693 張 < 1000 張,False
2850,新產,TWSE,WARRANT,official:twse_warrant,NORMAL,official:status_feeds,,,,unavailable,PRODUCT_WARRANT,排除商品類型：WARRANT,False
2851,中再保,TWSE,COMMON_STOCK,official:twse_main,NORMAL,official:status_feeds,2026-10-02,903709.0,903.709,cache,VOLUME_LT_THRESHOLD,903.709 張 < 1000 張,False
2852,第一保,TWSE,COMMON_STOCK,official:twse_main,NORMAL,official:status_feeds,2026-09-24,220545.0,220.545,cache,VOLUME_LT_THRESHOLD,220.545 張 < 1000 張,False
2855,統一證,TWSE,WARRANT,official:twse_warrant,NORMAL,official:status_feeds,,,,unavailable,PRODUCT_WARRANT,排除商品類型：WARRANT,False
2880,華南金,TWSE,WARRANT,official:twse_warrant,NORMAL,official:status_feeds,,,,unavailable,PRODUCT_WARRANT,排除商品類型：WARRANT,False
2881,富邦金,TWSE,COMMON_STOCK,official:twse_main,NORMAL,official:status_feeds,2026-10-02,10614902.0,10614.902,cache,,,True
2882,國泰金,TWSE,COMMON_STOCK,official:twse_main,NORMAL,official:status_feeds,2026-10-02,13877928.0,13877.928,cache,,,True
2883,凱基金,TWSE,COMMON_STOCK,official:twse_main,NORMAL,official:status_feeds,2026-10-02,67231685.0,67231.685,cache,,,True
2884,玉山金,TWSE,COMMON_STOCK,official:twse_main,NORMAL,official:status_feeds,2026-10-02,21945062.0,21945.062,cache,,,True
2885,元大金,TWSE,COMMON_STOCK,official:twse_main,NORMAL,official:status_feeds,2026-10-02,19695021.0,19695.021,cache,,,True
2886,兆豐金,TWSE,COMMON_STOCK,official:twse_main,NORMAL,official:status_feeds,2026-10-02,28642625.0,28642.625,cache,,,True
2887,台新新光金,TWSE,COMMON_STOCK,official:twse_main,NORMAL,official:status_feeds,2026-10-02,56891872.0,56891.872,cache,,,True
2889,國票金,TWSE,COMMON_STOCK,official:twse_main,NORMAL,official:status_feeds,2026-10-02,5874536.0,5874.536,cache,,,True
2890,永豐金,TWSE,COMMON_STOCK,official:twse_main,NORMAL,official:status_feeds,2026-10-02,13939013.0,13939.013,cache,,,True
2891,中信金,TWSE,COMMON_STOCK,official:twse_main,NORMAL,official:status_feeds,2026-10-02,18882806.0,18882.806,cache,,,True
2892,第一金,TWSE,COMMON_STOCK,official:twse_main,NORMAL,official:status_feeds,2026-10-02,14985368.0,14985.368,cache,,,True
2897,王道銀行,TWSE,COMMON_STOCK,official:twse_main,NORMAL,official:status_feeds,2026-10-02,2489916.0,2489.916,cache,,,True
2901,欣欣,TWSE,COMMON_STOCK,official:twse_main,NORMAL,official:status_feeds,2026-09-24,163902.0,163.902,cache,VOLUME_LT_THRESHOLD,163.902 張 < 1000 張,False
2903,遠百,TWSE,COMMON_STOCK,official:twse_main,NORMAL,official:status_feeds,2026-09-24,838175.0,838.175,cache,VOLUME_LT_THRESHOLD,838.175 張 < 1000 張,False
2904,匯僑,TWSE,COMMON_STOCK,official:twse_main,NORMAL,official:status_feeds,2026-09-24,22974.0,22.974,cache,VOLUME_LT_THRESHOLD,22.974 張 < 1000 張,False
2905,三商,TWSE,COMMON_STOCK,official:twse_main,NORMAL,official:status_feeds,2026-09-30,770644.0,770.644,cache,VOLUME_LT_THRESHOLD,770.644 張 < 1000 張,False
2906,高林,TWSE,COMMON_STOCK,official:twse_main,NORMAL,official:status_feeds,2026-09-24,95287.0,95.287,cache,VOLUME_LT_THRESHOLD,95.287 張 < 1000 張,False
2908,特力,TWSE,COMMON_STOCK,official:twse_main,NORMAL,official:status_feeds,2026-09-24,275895.0,275.895,cache,VOLUME_LT_THRESHOLD,275.895 張 < 1000 張,False
2910,統領,TWSE,WARRANT,official:twse_warrant,NORMAL,official:status_feeds,,,,unavailable,PRODUCT_WARRANT,排除商品類型：WARRANT,False
2911,麗嬰房,TWSE,COMMON_STOCK,official:twse_main,NORMAL,official:status_feeds,2026-09-24,38973.0,38.973,cache,VOLUME_LT_THRESHOLD,38.973 張 < 1000 張,False
2912,統一超,TWSE,COMMON_STOCK,official:twse_main,NORMAL,official:status_feeds,2026-10-02,2981945.0,2981.945,cache,,,True
2913,農林,TWSE,COMMON_STOCK,official:twse_main,NORMAL,official:status_feeds,2026-09-24,813993.0,813.993,cache,VOLUME_LT_THRESHOLD,813.993 張 < 1000 張,False
2915,潤泰全,TWSE,COMMON_STOCK,official:twse_main,NORMAL,official:status_feeds,2026-10-02,1576854.0,1576.854,cache,,,True
2923,鼎固-KY,TWSE,COMMON_STOCK,official:twse_main,NORMAL,official:status_feeds,2026-09-24,143243.0,143.243,cache,VOLUME_LT_THRESHOLD,143.243 張 < 1000 張,False
2929,淘帝-KY,TWSE,COMMON_STOCK,official:twse_main,NORMAL,official:status_feeds,2026-09-24,86691.0,86.691,cache,VOLUME_LT_THRESHOLD,86.691 張 < 1000 張,False
2939,永邑-KY,TWSE,COMMON_STOCK,official:twse_main,NORMAL,official:status_feeds,2026-09-24,17001.0,17.001,cache,VOLUME_LT_THRESHOLD,17.001 張 < 1000 張,False
2945,三商家購,TWSE,WARRANT,official:twse_warrant,NORMAL,official:status_feeds,,,,unavailable,PRODUCT_WARRANT,排除商品類型：WARRANT,False
3002,歐格,TWSE,COMMON_STOCK,official:twse_main,NORMAL,official:status_feeds,2026-09-24,251151.0,251.151,cache,VOLUME_LT_THRESHOLD,251.151 張 < 1000 張,False
3003,健和興,TWSE,COMMON_STOCK,official:twse_main,NORMAL,official:status_feeds,2026-09-24,460508.0,460.508,cache,VOLUME_LT_THRESHOLD,460.508 張 < 1000 張,False
3004,豐達科,TWSE,COMMON_STOCK,official:twse_main,NORMAL,official:status_feeds,2026-09-24,111407.0,111.407,cache,VOLUME_LT_THRESHOLD,111.407 張 < 1000 張,False
3005,神基,TWSE,COMMON_STOCK,official:twse_main,NORMAL,official:status_feeds,2026-09-24,758055.0,758.055,cache,VOLUME_LT_THRESHOLD,758.055 張 < 1000 張,False
3006,晶豪科,TWSE,COMMON_STOCK,official:twse_main,NORMAL,official:status_feeds,2026-10-02,9101409.0,9101.409,cache,,,True
3008,大立光,TWSE,WARRANT,official:twse_warrant,NORMAL,official:status_feeds,,,,unavailable,PRODUCT_WARRANT,排除商品類型：WARRANT,False
3010,華立,TWSE,WARRANT,official:twse_warrant,NORMAL,official:status_feeds,,,,unavailable,PRODUCT_WARRANT,排除商品類型：WARRANT,False
3011,今皓,TWSE,COMMON_STOCK,official:twse_main,NORMAL,official:status_feeds,2026-09-24,277954.0,277.954,cache,VOLUME_LT_THRESHOLD,277.954 張 < 1000 張,False
3013,晟銘電,TWSE,COMMON_STOCK,official:twse_main,NORMAL,official:status_feeds,2026-09-24,569586.0,569.586,cache,VOLUME_LT_THRESHOLD,569.586 張 < 1000 張,False
3014,聯陽,TWSE,COMMON_STOCK,official:twse_main,NORMAL,official:status_feeds,2026-10-02,1134800.0,1134.8,cache,,,True
3015,全漢,TWSE,COMMON_STOCK,official:twse_main,NORMAL,official:status_feeds,2026-09-24,219501.0,219.501,cache,VOLUME_LT_THRESHOLD,219.501 張 < 1000 張,False
3016,嘉晶,TWSE,COMMON_STOCK,official:twse_main,DISPOSAL,official:disposal,,,,unavailable,STATUS_DISPOSAL,交易狀態：DISPOSAL,False
3017,奇鋐,TWSE,COMMON_STOCK,official:twse_main,NORMAL,official:status_feeds,2026-10-02,3274994.0,3274.994,cache,,,True
3018,隆銘綠能,TWSE,WARRANT,official:twse_warrant,NORMAL,official:status_feeds,,,,unavailable,PRODUCT_WARRANT,排除商品類型：WARRANT,False
3019,亞光,TWSE,COMMON_STOCK,official:twse_main,NORMAL,official:status_feeds,2026-10-02,2069927.0,2069.927,cache,,,True
3021,鴻名,TWSE,COMMON_STOCK,official:twse_main,NORMAL,official:status_feeds,2026-10-02,599976.0,599.976,cache,VOLUME_LT_THRESHOLD,599.976 張 < 1000 張,False
3022,威強電,TWSE,WARRANT,official:twse_warrant,NORMAL,official:status_feeds,,,,unavailable,PRODUCT_WARRANT,排除商品類型：WARRANT,False
3023,信邦,TWSE,COMMON_STOCK,official:twse_main,NORMAL,official:status_feeds,2026-09-24,378175.0,378.175,cache,VOLUME_LT_THRESHOLD,378.175 張 < 1000 張,False
3024,憶聲,TWSE,COMMON_STOCK,official:twse_main,NORMAL,official:status_feeds,2026-09-24,876861.0,876.861,cache,VOLUME_LT_THRESHOLD,876.861 張 < 1000 張,False
3025,星通,TWSE,COMMON_STOCK,official:twse_main,NORMAL,official:status_feeds,2026-09-24,92285.0,92.285,cache,VOLUME_LT_THRESHOLD,92.285 張 < 1000 張,False
3026,禾伸堂,TWSE,COMMON_STOCK,official:twse_main,NORMAL,official:status_feeds,2026-10-02,17157777.0,17157.777,cache,,,True
3027,盛達,TWSE,COMMON_STOCK,official:twse_main,NORMAL,official:status_feeds,2026-09-24,155165.0,155.165,cache,VOLUME_LT_THRESHOLD,155.165 張 < 1000 張,False
3028,增你強,TWSE,COMMON_STOCK,official:twse_main,NORMAL,official:status_feeds,2026-09-24,783469.0,783.469,cache,VOLUME_LT_THRESHOLD,783.469 張 < 1000 張,False
3029,零壹,TWSE,COMMON_STOCK,official:twse_main,NORMAL,official:status_feeds,2026-10-01,920932.0,920.932,cache,VOLUME_LT_THRESHOLD,920.932 張 < 1000 張,False
3030,德律,TWSE,COMMON_STOCK,official:twse_main,NORMAL,official:status_feeds,2026-09-24,456455.0,456.455,cache,VOLUME_LT_THRESHOLD,456.455 張 < 1000 張,False
3031,佰鴻,TWSE,COMMON_STOCK,official:twse_main,NORMAL,official:status_feeds,2026-10-02,10999738.0,10999.738,cache,,,True
3032,偉訓,TWSE,COMMON_STOCK,official:twse_main,NORMAL,official:status_feeds,2026-09-24,716619.0,716.619,cache,VOLUME_LT_THRESHOLD,716.619 張 < 1000 張,False
3033,威健,TWSE,COMMON_STOCK,official:twse_main,NORMAL,official:status_feeds,2026-10-02,1689590.0,1689.59,cache,,,True
3034,聯詠,TWSE,COMMON_STOCK,official:twse_main,NORMAL,official:status_feeds,2026-10-02,2855910.0,2855.91,cache,,,True
3035,智原,TWSE,WARRANT,official:twse_warrant,NORMAL,official:status_feeds,,,,unavailable,PRODUCT_WARRANT,排除商品類型：WARRANT,False
3036,文曄,TWSE,COMMON_STOCK,official:twse_main,NORMAL,official:status_feeds,2026-10-02,6758956.0,6758.956,cache,,,True
3037,欣興,TWSE,COMMON_STOCK,official:twse_main,NORMAL,official:status_feeds,2026-10-02,18635778.0,18635.778,cache,,,True
3038,全台,TWSE,COMMON_STOCK,official:twse_main,NORMAL,official:status_feeds,2026-09-24,98826.0,98.826,cache,VOLUME_LT_THRESHOLD,98.826 張 < 1000 張,False
3040,遠見,TWSE,WARRANT,official:twse_warrant,NORMAL,official:status_feeds,,,,unavailable,PRODUCT_WARRANT,排除商品類型：WARRANT,False
3041,揚智,TWSE,COMMON_STOCK,official:twse_main,NORMAL,official:status_feeds,2026-09-24,390785.0,390.785,cache,VOLUME_LT_THRESHOLD,390.785 張 < 1000 張,False
3042,晶技,TWSE,COMMON_STOCK,official:twse_main,NORMAL,official:status_feeds,2026-10-02,43452288.0,43452.288,cache,,,True
3043,科風,TWSE,COMMON_STOCK,official:twse_main,NORMAL,official:status_feeds,2026-09-24,26344.0,26.344,cache,VOLUME_LT_THRESHOLD,26.344 張 < 1000 張,False
3044,健鼎,TWSE,COMMON_STOCK,official:twse_main,NORMAL,official:status_feeds,2026-10-02,1693324.0,1693.324,cache,,,True
3045,台灣大,TWSE,WARRANT,official:twse_warrant,NORMAL,official:status_feeds,,,,unavailable,PRODUCT_WARRANT,排除商品類型：WARRANT,False
3046,建碁,TWSE,COMMON_STOCK,official:twse_main,NORMAL,official:status_feeds,2026-09-24,73645.0,73.645,cache,VOLUME_LT_THRESHOLD,73.645 張 < 1000 張,False
3047,訊舟,TWSE,COMMON_STOCK,official:twse_main,NORMAL,official:status_feeds,2026-09-24,534436.0,534.436,cache,VOLUME_LT_THRESHOLD,534.436 張 < 1000 張,False
3048,益登,TWSE,COMMON_STOCK,official:twse_main,NORMAL,official:status_feeds,2026-09-30,783996.0,783.996,cache,VOLUME_LT_THRESHOLD,783.996 張 < 1000 張,False
3049,精金,TWSE,COMMON_STOCK,official:twse_main,NORMAL,official:status_feeds,2026-10-02,3124829.0,3124.829,cache,,,True
3050,鈺德,TWSE,WARRANT,official:twse_warrant,NORMAL,official:status_feeds,,,,unavailable,PRODUCT_WARRANT,排除商品類型：WARRANT,False
3051,力特,TWSE,COMMON_STOCK,official:twse_main,NORMAL,official:status_feeds,2026-09-24,267019.0,267.019,cache,VOLUME_LT_THRESHOLD,267.019 張 < 1000 張,False
3052,夆典,TWSE,COMMON_STOCK,official:twse_main,NORMAL,official:status_feeds,2026-09-24,170973.0,170.973,cache,VOLUME_LT_THRESHOLD,170.973 張 < 1000 張,False
3054,立萬利,TWSE,COMMON_STOCK,official:twse_main,NORMAL,official:status_feeds,2026-09-24,81396.0,81.396,cache,VOLUME_LT_THRESHOLD,81.396 張 < 1000 張,False
3055,蔚華科,TWSE,COMMON_STOCK,official:twse_main,DISPOSAL,official:disposal,,,,unavailable,STATUS_DISPOSAL,交易狀態：DISPOSAL,False
3056,富華新,TWSE,COMMON_STOCK,official:twse_main,NORMAL,official:status_feeds,2026-09-24,235342.0,235.342,cache,VOLUME_LT_THRESHOLD,235.342 張 < 1000 張,False
3057,喬鼎,TWSE,COMMON_STOCK,official:twse_main,NORMAL,official:status_feeds,2026-09-24,91406.0,91.406,cache,VOLUME_LT_THRESHOLD,91.406 張 < 1000 張,False
3058,立德,TWSE,COMMON_STOCK,official:twse_main,NORMAL,official:status_feeds,2026-09-24,293692.0,293.692,cache,VOLUME_LT_THRESHOLD,293.692 張 < 1000 張,False
3059,華晶科,TWSE,COMMON_STOCK,official:twse_main,NORMAL,official:status_feeds,2026-09-24,647194.0,647.194,cache,VOLUME_LT_THRESHOLD,647.194 張 < 1000 張,False
3060,銘異,TWSE,COMMON_STOCK,official:twse_main,NORMAL,official:status_feeds,2026-09-24,339363.0,339.363,cache,VOLUME_LT_THRESHOLD,339.363 張 < 1000 張,False
3062,建漢,TWSE,COMMON_STOCK,official:twse_main,NORMAL,official:status_feeds,2026-10-02,1228568.0,1228.568,cache,,,True
3090,日電貿,TWSE,COMMON_STOCK,official:twse_main,NORMAL,official:status_feeds,2026-10-02,8401227.0,8401.227,cache,,,True
3092,鴻碩,TWSE,COMMON_STOCK,official:twse_main,NORMAL,official:status_feeds,2026-09-24,61043.0,61.043,cache,VOLUME_LT_THRESHOLD,61.043 張 < 1000 張,False
3094,聯傑,TWSE,COMMON_STOCK,official:twse_main,NORMAL,official:status_feeds,2026-10-02,35223446.0,35223.446,cache,,,True
3130,一零四,TWSE,WARRANT,official:twse_warrant,NORMAL,official:status_feeds,,,,unavailable,PRODUCT_WARRANT,排除商品類型：WARRANT,False
3135,凌航,TWSE,COMMON_STOCK,official:twse_main,NORMAL,official:status_feeds,2026-09-24,639398.0,639.398,cache,VOLUME_LT_THRESHOLD,639.398 張 < 1000 張,False
3138,耀登,TWSE,WARRANT,official:twse_warrant,NORMAL,official:status_feeds,,,,unavailable,PRODUCT_WARRANT,排除商品類型：WARRANT,False
3149,正達,TWSE,COMMON_STOCK,official:twse_main,NORMAL,official:status_feeds,2026-10-02,24846956.0,24846.956,cache,,,True
3150,鈺寶-創,TWSE,WARRANT,official:twse_warrant,NORMAL,official:status_feeds,,,,unavailable,PRODUCT_WARRANT,排除商品類型：WARRANT,False
3164,景岳,TWSE,COMMON_STOCK,official:twse_main,NORMAL,official:status_feeds,2026-09-24,27239.0,27.239,cache,VOLUME_LT_THRESHOLD,27.239 張 < 1000 張,False
3167,大量,TWSE,COMMON_STOCK,official:twse_main,DISPOSAL,official:disposal,,,,unavailable,STATUS_DISPOSAL,交易狀態：DISPOSAL,False
3168,眾福科,TWSE,WARRANT,official:twse_warrant,NORMAL,official:status_feeds,,,,unavailable,PRODUCT_WARRANT,排除商品類型：WARRANT,False
3189,景碩,TWSE,COMMON_STOCK,official:twse_main,NORMAL,official:status_feeds,2026-10-02,18823011.0,18823.011,cache,,,True
3209,全科,TWSE,COMMON_STOCK,official:twse_main,NORMAL,official:status_feeds,2026-09-24,451816.0,451.816,cache,VOLUME_LT_THRESHOLD,451.816 張 < 1000 張,False
3229,晟鈦,TWSE,COMMON_STOCK,official:twse_main,NORMAL,official:status_feeds,2026-10-02,1350644.0,1350.644,cache,,,True
3231,緯創,TWSE,COMMON_STOCK,official:twse_main,NORMAL,official:status_feeds,2026-10-02,36439616.0,36439.616,cache,,,True
3257,虹冠電,TWSE,COMMON_STOCK,official:twse_main,NORMAL,official:status_feeds,2026-09-24,71864.0,71.864,cache,VOLUME_LT_THRESHOLD,71.864 張 < 1000 張,False
3266,昇陽,TWSE,COMMON_STOCK,official:twse_main,NORMAL,official:status_feeds,2026-09-24,19001.0,19.001,cache,VOLUME_LT_THRESHOLD,19.001 張 < 1000 張,False
3296,勝德,TWSE,COMMON_STOCK,official:twse_main,NORMAL,official:status_feeds,2026-09-24,43901.0,43.901,cache,VOLUME_LT_THRESHOLD,43.901 張 < 1000 張,False
3305,昇貿,TWSE,COMMON_STOCK,official:twse_main,NORMAL,official:status_feeds,2026-09-24,355654.0,355.654,cache,VOLUME_LT_THRESHOLD,355.654 張 < 1000 張,False
3308,聯德,TWSE,COMMON_STOCK,official:twse_main,NORMAL,official:status_feeds,2026-09-24,33359.0,33.359,cache,VOLUME_LT_THRESHOLD,33.359 張 < 1000 張,False
3311,閎暉,TWSE,COMMON_STOCK,official:twse_main,NORMAL,official:status_feeds,2026-09-24,855155.0,855.155,cache,VOLUME_LT_THRESHOLD,855.155 張 < 1000 張,False
3312,弘憶股,TWSE,COMMON_STOCK,official:twse_main,NORMAL,official:status_feeds,2026-09-24,802159.0,802.159,cache,VOLUME_LT_THRESHOLD,802.159 張 < 1000 張,False
3321,同泰,TWSE,COMMON_STOCK,official:twse_main,NORMAL,official:status_feeds,2026-09-24,113660.0,113.66,cache,VOLUME_LT_THRESHOLD,113.660 張 < 1000 張,False
3338,泰碩,TWSE,COMMON_STOCK,official:twse_main,NORMAL,official:status_feeds,2026-09-24,150367.0,150.367,cache,VOLUME_LT_THRESHOLD,150.367 張 < 1000 張,False
3346,麗清,TWSE,COMMON_STOCK,official:twse_main,NORMAL,official:status_feeds,2026-09-24,587047.0,587.047,cache,VOLUME_LT_THRESHOLD,587.047 張 < 1000 張,False
3356,奇偶,TWSE,WARRANT,official:twse_warrant,NORMAL,official:status_feeds,,,,unavailable,PRODUCT_WARRANT,排除商品類型：WARRANT,False
3376,新日興,TWSE,COMMON_STOCK,official:twse_main,NORMAL,official:status_feeds,2026-10-02,1030830.0,1030.83,cache,,,True
3380,明泰,TWSE,WARRANT,official:twse_warrant,NORMAL,official:status_feeds,,,,unavailable,PRODUCT_WARRANT,排除商品類型：WARRANT,False
3406,玉晶光,TWSE,COMMON_STOCK,official:twse_main,NORMAL,official:status_feeds,2026-10-02,4816591.0,4816.591,cache,,,True
3413,京鼎,TWSE,COMMON_STOCK,official:twse_main,NORMAL,official:status_feeds,2026-09-24,476069.0,476.069,cache,VOLUME_LT_THRESHOLD,476.069 張 < 1000 張,False
3416,融程電,TWSE,COMMON_STOCK,official:twse_main,NORMAL,official:status_feeds,2026-09-24,88799.0,88.799,cache,VOLUME_LT_THRESHOLD,88.799 張 < 1000 張,False
3419,譁裕,TWSE,COMMON_STOCK,official:twse_main,NORMAL,official:status_feeds,2026-09-24,490127.0,490.127,cache,VOLUME_LT_THRESHOLD,490.127 張 < 1000 張,False
3432,台端,TWSE,COMMON_STOCK,official:twse_main,NORMAL,official:status_feeds,2026-09-24,41400.0,41.4,cache,VOLUME_LT_THRESHOLD,41.400 張 < 1000 張,False
3437,榮創,TWSE,COMMON_STOCK,official:twse_main,NORMAL,official:status_feeds,2026-10-02,1251151.0,1251.151,cache,,,True
3443,創意,TWSE,COMMON_STOCK,official:twse_main,DISPOSAL,official:disposal,,,,unavailable,STATUS_DISPOSAL,交易狀態：DISPOSAL,False
3447,展達,TWSE,COMMON_STOCK,official:twse_main,NORMAL,official:status_feeds,2026-09-24,104434.0,104.434,cache,VOLUME_LT_THRESHOLD,104.434 張 < 1000 張,False
3450,聯鈞,TWSE,WARRANT,official:twse_warrant,NORMAL,official:status_feeds,,,,unavailable,PRODUCT_WARRANT,排除商品類型：WARRANT,False
3481,群創,TWSE,COMMON_STOCK,official:twse_main,NORMAL,official:status_feeds,2026-10-02,211783047.0,211783.047,cache,,,True
3494,誠研,TWSE,COMMON_STOCK,official:twse_main,NORMAL,official:status_feeds,2026-09-24,32294.0,32.294,cache,VOLUME_LT_THRESHOLD,32.294 張 < 1000 張,False
3501,維熹,TWSE,COMMON_STOCK,official:twse_main,NORMAL,official:status_feeds,2026-09-24,143731.0,143.731,cache,VOLUME_LT_THRESHOLD,143.731 張 < 1000 張,False
3504,揚明光,TWSE,COMMON_STOCK,official:twse_main,NORMAL,official:status_feeds,2026-09-29,627895.0,627.895,cache,VOLUME_LT_THRESHOLD,627.895 張 < 1000 張,False
3515,華擎,TWSE,COMMON_STOCK,official:twse_main,NORMAL,official:status_feeds,2026-09-24,147990.0,147.99,cache,VOLUME_LT_THRESHOLD,147.990 張 < 1000 張,False
3518,柏騰,TWSE,COMMON_STOCK,official:twse_main,NORMAL,official:status_feeds,2026-10-02,10157623.0,10157.623,cache,,,True
3528,安馳,TWSE,COMMON_STOCK,official:twse_main,NORMAL,official:status_feeds,2026-09-24,504831.0,504.831,cache,VOLUME_LT_THRESHOLD,504.831 張 < 1000 張,False
3530,晶相光,TWSE,WARRANT,official:twse_warrant,NORMAL,official:status_feeds,,,,unavailable,PRODUCT_WARRANT,排除商品類型：WARRANT,False
3532,台勝科,TWSE,COMMON_STOCK,official:twse_main,NORMAL,official:status_feeds,2026-10-02,9010177.0,9010.177,cache,,,True
3533,嘉澤,TWSE,COMMON_STOCK,official:twse_main,NORMAL,official:status_feeds,2026-10-02,2023700.0,2023.7,cache,,,True
3535,晶彩科,TWSE,WARRANT,official:twse_warrant,NORMAL,official:status_feeds,,,,unavailable,PRODUCT_WARRANT,排除商品類型：WARRANT,False
3543,州巧,TWSE,COMMON_STOCK,official:twse_main,NORMAL,official:status_feeds,2026-09-24,784913.0,784.913,cache,VOLUME_LT_THRESHOLD,784.913 張 < 1000 張,False
3545,敦泰,TWSE,COMMON_STOCK,official:twse_main,NORMAL,official:status_feeds,2026-09-24,386758.0,386.758,cache,VOLUME_LT_THRESHOLD,386.758 張 < 1000 張,False
3550,聯穎,TWSE,COMMON_STOCK,official:twse_main,NORMAL,official:status_feeds,2026-09-24,785551.0,785.551,cache,VOLUME_LT_THRESHOLD,785.551 張 < 1000 張,False
3557,嘉威,TWSE,COMMON_STOCK,official:twse_main,NORMAL,official:status_feeds,2026-09-24,52371.0,52.371,cache,VOLUME_LT_THRESHOLD,52.371 張 < 1000 張,False
3563,牧德,TWSE,COMMON_STOCK,official:twse_main,NORMAL,official:status_feeds,2026-10-02,1273871.0,1273.871,cache,,,True
3576,聯合再生,TWSE,COMMON_STOCK,official:twse_main,NORMAL,official:status_feeds,2026-10-02,29410686.0,29410.686,cache,,,True
3583,辛耘,TWSE,COMMON_STOCK,official:twse_main,NORMAL,official:status_feeds,2026-09-24,299371.0,299.371,cache,VOLUME_LT_THRESHOLD,299.371 張 < 1000 張,False
3588,通嘉,TWSE,WARRANT,official:twse_warrant,NORMAL,official:status_feeds,,,,unavailable,PRODUCT_WARRANT,排除商品類型：WARRANT,False
3591,艾笛森,TWSE,COMMON_STOCK,official:twse_main,NORMAL,official:status_feeds,2026-10-02,1825704.0,1825.704,cache,,,True
3592,瑞鼎,TWSE,COMMON_STOCK,official:twse_main,NORMAL,official:status_feeds,2026-09-24,258281.0,258.281,cache,VOLUME_LT_THRESHOLD,258.281 張 < 1000 張,False
3593,力銘,TWSE,COMMON_STOCK,official:twse_main,NORMAL,official:status_feeds,2026-09-24,19985.0,19.985,cache,VOLUME_LT_THRESHOLD,19.985 張 < 1000 張,False
3596,智易,TWSE,COMMON_STOCK,official:twse_main,NORMAL,official:status_feeds,2026-09-29,450284.0,450.284,cache,VOLUME_LT_THRESHOLD,450.284 張 < 1000 張,False
3605,宏致,TWSE,COMMON_STOCK,official:twse_main,NORMAL,official:status_feeds,2026-10-02,15261661.0,15261.661,cache,,,True
3607,谷崧,TWSE,COMMON_STOCK,official:twse_main,NORMAL,official:status_feeds,2026-09-24,101378.0,101.378,cache,VOLUME_LT_THRESHOLD,101.378 張 < 1000 張,False
3617,碩天,TWSE,COMMON_STOCK,official:twse_main,NORMAL,official:status_feeds,2026-09-24,177345.0,177.345,cache,VOLUME_LT_THRESHOLD,177.345 張 < 1000 張,False
3622,洋華,TWSE,COMMON_STOCK,official:twse_main,NORMAL,official:status_feeds,2026-09-24,188618.0,188.618,cache,VOLUME_LT_THRESHOLD,188.618 張 < 1000 張,False
3645,達邁,TWSE,COMMON_STOCK,official:twse_main,NORMAL,official:status_feeds,2026-10-02,1987150.0,1987.15,cache,,,True
3652,精聯,TWSE,COMMON_STOCK,official:twse_main,NORMAL,official:status_feeds,2026-09-24,65160.0,65.16,cache,VOLUME_LT_THRESHOLD,65.160 張 < 1000 張,False
3653,健策,TWSE,COMMON_STOCK,official:twse_main,NORMAL,official:status_feeds,2026-10-01,616931.0,616.931,cache,VOLUME_LT_THRESHOLD,616.931 張 < 1000 張,False
3661,世芯-KY,TWSE,COMMON_STOCK,official:twse_main,NORMAL,official:status_feeds,2026-10-01,953454.0,953.454,cache,VOLUME_LT_THRESHOLD,953.454 張 < 1000 張,False
3665,貿聯-KY,TWSE,COMMON_STOCK,official:twse_main,NORMAL,official:status_feeds,2026-10-02,2759339.0,2759.339,cache,,,True
3669,圓展,TWSE,COMMON_STOCK,official:twse_main,NORMAL,official:status_feeds,2026-09-24,71270.0,71.27,cache,VOLUME_LT_THRESHOLD,71.270 張 < 1000 張,False
3673,TPK-KY,TWSE,COMMON_STOCK,official:twse_main,NORMAL,official:status_feeds,2026-10-02,28711684.0,28711.684,cache,,,True
3679,新至陞,TWSE,COMMON_STOCK,official:twse_main,NORMAL,official:status_feeds,2026-09-24,11570.0,11.57,cache,VOLUME_LT_THRESHOLD,11.570 張 < 1000 張,False
3686,達能,TWSE,COMMON_STOCK,official:twse_main,NORMAL,official:status_feeds,2026-09-24,81179.0,81.179,cache,VOLUME_LT_THRESHOLD,81.179 張 < 1000 張,False
3694,海華,TWSE,COMMON_STOCK,official:twse_main,NORMAL,official:status_feeds,2026-09-24,246631.0,246.631,cache,VOLUME_LT_THRESHOLD,246.631 張 < 1000 張,False
3701,大眾控,TWSE,COMMON_STOCK,official:twse_main,NORMAL,official:status_feeds,2026-09-24,350805.0,350.805,cache,VOLUME_LT_THRESHOLD,350.805 張 < 1000 張,False
3702,大聯大,TWSE,COMMON_STOCK,official:twse_main,NORMAL,official:status_feeds,2026-10-02,4724498.0,4724.498,cache,,,True
3703,欣陸,TWSE,COMMON_STOCK,official:twse_main,NORMAL,official:status_feeds,2026-09-24,431649.0,431.649,cache,VOLUME_LT_THRESHOLD,431.649 張 < 1000 張,False
3704,合勤控,TWSE,COMMON_STOCK,official:twse_main,NORMAL,official:status_feeds,2026-09-30,926509.0,926.509,cache,VOLUME_LT_THRESHOLD,926.509 張 < 1000 張,False
3705,永信,TWSE,WARRANT,official:twse_warrant,NORMAL,official:status_feeds,,,,unavailable,PRODUCT_WARRANT,排除商品類型：WARRANT,False
3706,神達,TWSE,COMMON_STOCK,official:twse_main,NORMAL,official:status_feeds,2026-10-02,6734700.0,6734.7,cache,,,True
3708,上緯投控,TWSE,COMMON_STOCK,official:twse_main,NORMAL,official:status_feeds,2026-09-24,258069.0,258.069,cache,VOLUME_LT_THRESHOLD,258.069 張 < 1000 張,False
3711,日月光投控,TWSE,WARRANT,official:twse_warrant,NORMAL,official:status_feeds,,,,unavailable,PRODUCT_WARRANT,排除商品類型：WARRANT,False
3712,永崴投控,TWSE,COMMON_STOCK,official:twse_main,NORMAL,official:status_feeds,2026-09-24,156631.0,156.631,cache,VOLUME_LT_THRESHOLD,156.631 張 < 1000 張,False
3714,富采,TWSE,COMMON_STOCK,official:twse_main,NORMAL,official:status_feeds,2026-10-02,23714073.0,23714.073,cache,,,True
3715,定穎投控,TWSE,COMMON_STOCK,official:twse_main,NORMAL,official:status_feeds,2026-10-02,5708720.0,5708.72,cache,,,True
3716,中化控股,TWSE,COMMON_STOCK,official:twse_main,NORMAL,official:status_feeds,2026-09-24,95053.0,95.053,cache,VOLUME_LT_THRESHOLD,95.053 張 < 1000 張,False
3717,聯嘉投控,TWSE,COMMON_STOCK,official:twse_main,NORMAL,official:status_feeds,2026-10-02,9385198.0,9385.198,cache,,,True
4104,佳醫,TWSE,COMMON_STOCK,official:twse_main,NORMAL,official:status_feeds,2026-09-24,71688.0,71.688,cache,VOLUME_LT_THRESHOLD,71.688 張 < 1000 張,False
4106,雃博,TWSE,COMMON_STOCK,official:twse_main,NORMAL,official:status_feeds,2026-09-24,115987.0,115.987,cache,VOLUME_LT_THRESHOLD,115.987 張 < 1000 張,False
4108,懷特,TWSE,WARRANT,official:twse_warrant,NORMAL,official:status_feeds,,,,unavailable,PRODUCT_WARRANT,排除商品類型：WARRANT,False
4119,旭富,TWSE,COMMON_STOCK,official:twse_main,NORMAL,official:status_feeds,2026-09-24,105787.0,105.787,cache,VOLUME_LT_THRESHOLD,105.787 張 < 1000 張,False
4133,亞諾法,TWSE,COMMON_STOCK,official:twse_main,NORMAL,official:status_feeds,2026-09-24,54875.0,54.875,cache,VOLUME_LT_THRESHOLD,54.875 張 < 1000 張,False
4137,麗豐-KY,TWSE,COMMON_STOCK,official:twse_main,NORMAL,official:status_feeds,2026-09-24,119730.0,119.73,cache,VOLUME_LT_THRESHOLD,119.730 張 < 1000 張,False
4142,國光生,TWSE,COMMON_STOCK,official:twse_main,NORMAL,official:status_feeds,2026-09-24,727893.0,727.893,cache,VOLUME_LT_THRESHOLD,727.893 張 < 1000 張,False
4148,全宇生技-KY,TWSE,COMMON_STOCK,official:twse_main,NORMAL,official:status_feeds,2026-09-24,28883.0,28.883,cache,VOLUME_LT_THRESHOLD,28.883 張 < 1000 張,False
4155,訊映,TWSE,COMMON_STOCK,official:twse_main,NORMAL,official:status_feeds,2026-09-24,182427.0,182.427,cache,VOLUME_LT_THRESHOLD,182.427 張 < 1000 張,False
4164,承業醫,TWSE,WARRANT,official:twse_warrant,NORMAL,official:status_feeds,,,,unavailable,PRODUCT_WARRANT,排除商品類型：WARRANT,False
4169,泰宗,TWSE,COMMON_STOCK,official:twse_main,NORMAL,official:status_feeds,2026-09-24,74543.0,74.543,cache,VOLUME_LT_THRESHOLD,74.543 張 < 1000 張,False
4178,永笙-KY,TWSE,COMMON_STOCK,official:twse_main,NORMAL,official:status_feeds,2026-09-24,39544.0,39.544,cache,VOLUME_LT_THRESHOLD,39.544 張 < 1000 張,False
4190,佐登-KY,TWSE,WARRANT,official:twse_warrant,NORMAL,official:status_feeds,,,,unavailable,PRODUCT_WARRANT,排除商品類型：WARRANT,False
4195,基米-創,TWSE,COMMON_STOCK,official:twse_main,NORMAL,official:status_feeds,2026-09-24,278278.0,278.278,cache,VOLUME_LT_THRESHOLD,278.278 張 < 1000 張,False
4306,炎洲,TWSE,COMMON_STOCK,official:twse_main,NORMAL,official:status_feeds,2026-09-24,755148.0,755.148,cache,VOLUME_LT_THRESHOLD,755.148 張 < 1000 張,False
4414,如興,TWSE,COMMON_STOCK,official:twse_main,NORMAL,official:status_feeds,2026-09-24,140132.0,140.132,cache,VOLUME_LT_THRESHOLD,140.132 張 < 1000 張,False
4426,利勤,TWSE,COMMON_STOCK,official:twse_main,NORMAL,official:status_feeds,2026-09-24,29493.0,29.493,cache,VOLUME_LT_THRESHOLD,29.493 張 < 1000 張,False
4438,廣越,TWSE,COMMON_STOCK,official:twse_main,NORMAL,official:status_feeds,2026-09-24,46189.0,46.189,cache,VOLUME_LT_THRESHOLD,46.189 張 < 1000 張,False
4439,冠星-KY,TWSE,COMMON_STOCK,official:twse_main,NORMAL,official:status_feeds,2026-09-24,16010.0,16.01,cache,VOLUME_LT_THRESHOLD,16.010 張 < 1000 張,False
4440,宜新實業,TWSE,COMMON_STOCK,official:twse_main,NORMAL,official:status_feeds,2026-09-24,20000.0,20.0,cache,VOLUME_LT_THRESHOLD,20.000 張 < 1000 張,False
4441,振大環球,TWSE,COMMON_STOCK,official:twse_main,NORMAL,official:status_feeds,2026-09-24,66722.0,66.722,cache,VOLUME_LT_THRESHOLD,66.722 張 < 1000 張,False
4526,東台,TWSE,COMMON_STOCK,official:twse_main,NORMAL,official:status_feeds,2026-09-24,751944.0,751.944,cache,VOLUME_LT_THRESHOLD,751.944 張 < 1000 張,False
4532,瑞智,TWSE,COMMON_STOCK,official:twse_main,NORMAL,official:status_feeds,2026-09-24,767760.0,767.76,cache,VOLUME_LT_THRESHOLD,767.760 張 < 1000 張,False
4536,拓凱,TWSE,COMMON_STOCK,official:twse_main,NORMAL,official:status_feeds,2026-09-24,156387.0,156.387,cache,VOLUME_LT_THRESHOLD,156.387 張 < 1000 張,False
4540,全球傳動,TWSE,COMMON_STOCK,official:twse_main,NORMAL,official:status_feeds,2026-10-02,1784891.0,1784.891,cache,,,True
4545,銘鈺,TWSE,COMMON_STOCK,official:twse_main,NORMAL,official:status_feeds,2026-09-24,77315.0,77.315,cache,VOLUME_LT_THRESHOLD,77.315 張 < 1000 張,False
4551,智伸科,TWSE,COMMON_STOCK,official:twse_main,NORMAL,official:status_feeds,2026-10-02,3377447.0,3377.447,cache,,,True
4552,力達-KY,TWSE,WARRANT,official:twse_warrant,NORMAL,official:status_feeds,,,,unavailable,PRODUCT_WARRANT,排除商品類型：WARRANT,False
4555,氣立,TWSE,COMMON_STOCK,official:twse_main,NORMAL,official:status_feeds,2026-09-24,103719.0,103.719,cache,VOLUME_LT_THRESHOLD,103.719 張 < 1000 張,False
4557,永新-KY,TWSE,COMMON_STOCK,official:twse_main,NORMAL,official:status_feeds,2026-09-24,25316.0,25.316,cache,VOLUME_LT_THRESHOLD,25.316 張 < 1000 張,False
4560,強信-KY,TWSE,COMMON_STOCK,official:twse_main,NORMAL,official:status_feeds,2026-09-24,462430.0,462.43,cache,VOLUME_LT_THRESHOLD,462.430 張 < 1000 張,False
4562,穎漢,TWSE,COMMON_STOCK,official:twse_main,NORMAL,official:status_feeds,2026-09-24,65496.0,65.496,cache,VOLUME_LT_THRESHOLD,65.496 張 < 1000 張,False
4564,元翎,TWSE,COMMON_STOCK,official:twse_main,NORMAL,official:status_feeds,2026-09-24,268356.0,268.356,cache,VOLUME_LT_THRESHOLD,268.356 張 < 1000 張,False
4566,時碩工業,TWSE,COMMON_STOCK,official:twse_main,NORMAL,official:status_feeds,2026-10-02,1855390.0,1855.39,cache,,,True
4569,六方科-KY,TWSE,COMMON_STOCK,official:twse_main,NORMAL,official:status_feeds,2026-09-24,28158.0,28.158,cache,VOLUME_LT_THRESHOLD,28.158 張 < 1000 張,False
4571,鈞興-KY,TWSE,COMMON_STOCK,official:twse_main,NORMAL,official:status_feeds,2026-09-24,61006.0,61.006,cache,VOLUME_LT_THRESHOLD,61.006 張 < 1000 張,False
4572,駐龍,TWSE,COMMON_STOCK,official:twse_main,NORMAL,official:status_feeds,2026-09-24,16094.0,16.094,cache,VOLUME_LT_THRESHOLD,16.094 張 < 1000 張,False
4576,大銀微系統,TWSE,COMMON_STOCK,official:twse_main,NORMAL,official:status_feeds,2026-09-24,810171.0,810.171,cache,VOLUME_LT_THRESHOLD,810.171 張 < 1000 張,False
4581,光隆精密-KY,TWSE,COMMON_STOCK,official:twse_main,NORMAL,official:status_feeds,2026-09-24,1000.0,1.0,cache,VOLUME_LT_THRESHOLD,1.000 張 < 1000 張,False
4582,聚恆-創,TWSE,COMMON_STOCK,official:twse_main,NORMAL,official:status_feeds,2026-09-24,14400.0,14.4,cache,VOLUME_LT_THRESHOLD,14.400 張 < 1000 張,False
4583,台灣精銳,TWSE,COMMON_STOCK,official:twse_main,NORMAL,official:status_feeds,2026-09-24,20683.0,20.683,cache,VOLUME_LT_THRESHOLD,20.683 張 < 1000 張,False
4585,達明,TWSE,COMMON_STOCK,official:twse_main,NORMAL,official:status_feeds,2026-09-24,64201.0,64.201,cache,VOLUME_LT_THRESHOLD,64.201 張 < 1000 張,False
4588,玖鼎電力,TWSE,COMMON_STOCK,official:twse_main,NORMAL,official:status_feeds,2026-09-24,24617.0,24.617,cache,VOLUME_LT_THRESHOLD,24.617 張 < 1000 張,False
4590,富田-創,TWSE,COMMON_STOCK,official:twse_main,NORMAL,official:status_feeds,2026-09-24,189967.0,189.967,cache,VOLUME_LT_THRESHOLD,189.967 張 < 1000 張,False
4720,德淵,TWSE,COMMON_STOCK,official:twse_main,NORMAL,official:status_feeds,2026-09-24,180299.0,180.299,cache,VOLUME_LT_THRESHOLD,180.299 張 < 1000 張,False
4722,國精化,TWSE,COMMON_STOCK,official:twse_main,NORMAL,official:status_feeds,2026-09-24,767926.0,767.926,cache,VOLUME_LT_THRESHOLD,767.926 張 < 1000 張,False
4736,泰博,TWSE,COMMON_STOCK,official:twse_main,NORMAL,official:status_feeds,2026-09-24,174852.0,174.852,cache,VOLUME_LT_THRESHOLD,174.852 張 < 1000 張,False
4737,華廣,TWSE,COMMON_STOCK,official:twse_main,NORMAL,official:status_feeds,2026-09-24,70457.0,70.457,cache,VOLUME_LT_THRESHOLD,70.457 張 < 1000 張,False
4739,康普,TWSE,COMMON_STOCK,official:twse_main,NORMAL,official:status_feeds,2026-09-24,409578.0,409.578,cache,VOLUME_LT_THRESHOLD,409.578 張 < 1000 張,False
4746,台耀,TWSE,COMMON_STOCK,official:twse_main,NORMAL,official:status_feeds,2026-09-24,644992.0,644.992,cache,VOLUME_LT_THRESHOLD,644.992 張 < 1000 張,False
4755,三福化,TWSE,COMMON_STOCK,official:twse_main,NORMAL,official:status_feeds,2026-09-24,79103.0,79.103,cache,VOLUME_LT_THRESHOLD,79.103 張 < 1000 張,False
4763,材料*-KY,TWSE,COMMON_STOCK,official:twse_main,NORMAL,official:status_feeds,2026-10-02,4011848.0,4011.848,cache,,,True
4764,雙鍵,TWSE,COMMON_STOCK,official:twse_main,NORMAL,official:status_feeds,2026-10-02,1493882.0,1493.882,cache,,,True
4766,南寶,TWSE,COMMON_STOCK,official:twse_main,NORMAL,official:status_feeds,2026-09-24,70421.0,70.421,cache,VOLUME_LT_THRESHOLD,70.421 張 < 1000 張,False
4770,上品,TWSE,COMMON_STOCK,official:twse_main,NORMAL,official:status_feeds,2026-10-01,871633.0,871.633,cache,VOLUME_LT_THRESHOLD,871.633 張 < 1000 張,False
4771,望隼,TWSE,COMMON_STOCK,official:twse_main,NORMAL,official:status_feeds,2026-09-24,128002.0,128.002,cache,VOLUME_LT_THRESHOLD,128.002 張 < 1000 張,False
4807,日成-KY,TWSE,COMMON_STOCK,official:twse_main,NORMAL,official:status_feeds,2026-09-24,78769.0,78.769,cache,VOLUME_LT_THRESHOLD,78.769 張 < 1000 張,False
4904,遠傳,TWSE,COMMON_STOCK,official:twse_main,NORMAL,official:status_feeds,2026-10-02,4014485.0,4014.485,cache,,,True
4906,正文,TWSE,COMMON_STOCK,official:twse_main,NORMAL,official:status_feeds,2026-10-02,13521119.0,13521.119,cache,,,True
4912,聯德控股-KY,TWSE,COMMON_STOCK,official:twse_main,NORMAL,official:status_feeds,2026-09-24,373546.0,373.546,cache,VOLUME_LT_THRESHOLD,373.546 張 < 1000 張,False
4915,致伸,TWSE,COMMON_STOCK,official:twse_main,NORMAL,official:status_feeds,2026-10-02,2611056.0,2611.056,cache,,,True
4916,事欣科,TWSE,COMMON_STOCK,official:twse_main,NORMAL,official:status_feeds,2026-09-29,962674.0,962.674,cache,VOLUME_LT_THRESHOLD,962.674 張 < 1000 張,False
4919,新唐,TWSE,COMMON_STOCK,official:twse_main,NORMAL,official:status_feeds,2026-10-02,57349128.0,57349.128,cache,,,True
4927,泰鼎-KY,TWSE,WARRANT,official:twse_warrant,NORMAL,official:status_feeds,,,,unavailable,PRODUCT_WARRANT,排除商品類型：WARRANT,False
4930,燦星網,TWSE,COMMON_STOCK,official:twse_main,NORMAL,official:status_feeds,2026-09-24,10261.0,10.261,cache,VOLUME_LT_THRESHOLD,10.261 張 < 1000 張,False
4934,太極,TWSE,COMMON_STOCK,official:twse_main,NORMAL,official:status_feeds,2026-09-24,324032.0,324.032,cache,VOLUME_LT_THRESHOLD,324.032 張 < 1000 張,False
4935,茂林-KY,TWSE,COMMON_STOCK,official:twse_main,NORMAL,official:status_feeds,2026-09-24,54271.0,54.271,cache,VOLUME_LT_THRESHOLD,54.271 張 < 1000 張,False
4938,和碩,TWSE,COMMON_STOCK,official:twse_main,NORMAL,official:status_feeds,2026-10-02,4521969.0,4521.969,cache,,,True
4942,嘉彰,TWSE,COMMON_STOCK,official:twse_main,NORMAL,official:status_feeds,2026-09-24,26707.0,26.707,cache,VOLUME_LT_THRESHOLD,26.707 張 < 1000 張,False
4943,康控-KY,TWSE,COMMON_STOCK,official:twse_main,NORMAL,official:status_feeds,2026-09-24,8959.0,8.959,cache,VOLUME_LT_THRESHOLD,8.959 張 < 1000 張,False
4949,有成精密,TWSE,COMMON_STOCK,official:twse_main,NORMAL,official:status_feeds,2026-09-24,238177.0,238.177,cache,VOLUME_LT_THRESHOLD,238.177 張 < 1000 張,False
4952,凌通,TWSE,COMMON_STOCK,official:twse_main,NORMAL,official:status_feeds,2026-09-24,112021.0,112.021,cache,VOLUME_LT_THRESHOLD,112.021 張 < 1000 張,False
4956,光鋐,TWSE,COMMON_STOCK,official:twse_main,NORMAL,official:status_feeds,2026-10-02,9885585.0,9885.585,cache,,,True
4958,臻鼎-KY,TWSE,COMMON_STOCK,official:twse_main,NORMAL,official:status_feeds,2026-10-02,69348102.0,69348.102,cache,,,True
4960,誠美材,TWSE,COMMON_STOCK,official:twse_main,NORMAL,official:status_feeds,2026-10-02,5244982.0,5244.982,cache,,,True
4961,天鈺,TWSE,COMMON_STOCK,official:twse_main,NORMAL,official:status_feeds,2026-09-24,430723.0,430.723,cache,VOLUME_LT_THRESHOLD,430.723 張 < 1000 張,False
4967,十銓,TWSE,COMMON_STOCK,official:twse_main,NORMAL,official:status_feeds,2026-09-29,572713.0,572.713,cache,VOLUME_LT_THRESHOLD,572.713 張 < 1000 張,False
4968,立積,TWSE,COMMON_STOCK,official:twse_main,NORMAL,official:status_feeds,2026-09-24,207951.0,207.951,cache,VOLUME_LT_THRESHOLD,207.951 張 < 1000 張,False
4976,佳凌,TWSE,COMMON_STOCK,official:twse_main,NORMAL,official:status_feeds,2026-09-24,528809.0,528.809,cache,VOLUME_LT_THRESHOLD,528.809 張 < 1000 張,False
4977,眾達-KY,TWSE,COMMON_STOCK,official:twse_main,NORMAL,official:status_feeds,2026-09-24,962856.0,962.856,cache,VOLUME_LT_THRESHOLD,962.856 張 < 1000 張,False
4989,榮科,TWSE,COMMON_STOCK,official:twse_main,NORMAL,official:status_feeds,2026-10-02,7789340.0,7789.34,cache,,,True
4994,傳奇,TWSE,COMMON_STOCK,official:twse_main,NORMAL,official:status_feeds,2026-09-24,10616.0,10.616,cache,VOLUME_LT_THRESHOLD,10.616 張 < 1000 張,False
4999,鑫禾,TWSE,WARRANT,official:twse_warrant,NORMAL,official:status_feeds,,,,unavailable,PRODUCT_WARRANT,排除商品類型：WARRANT,False
5007,三星,TWSE,COMMON_STOCK,official:twse_main,NORMAL,official:status_feeds,2026-09-24,66094.0,66.094,cache,VOLUME_LT_THRESHOLD,66.094 張 < 1000 張,False
5203,訊連,TWSE,COMMON_STOCK,official:twse_main,NORMAL,official:status_feeds,2026-09-24,67344.0,67.344,cache,VOLUME_LT_THRESHOLD,67.344 張 < 1000 張,False
5215,科嘉-KY,TWSE,COMMON_STOCK,official:twse_main,NORMAL,official:status_feeds,2026-09-24,20000.0,20.0,cache,VOLUME_LT_THRESHOLD,20.000 張 < 1000 張,False
5222,全訊,TWSE,WARRANT,official:twse_warrant,NORMAL,official:status_feeds,,,,unavailable,PRODUCT_WARRANT,排除商品類型：WARRANT,False
5225,東科-KY,TWSE,COMMON_STOCK,official:twse_main,NORMAL,official:status_feeds,2026-09-24,116779.0,116.779,cache,VOLUME_LT_THRESHOLD,116.779 張 < 1000 張,False
5234,達興材料,TWSE,COMMON_STOCK,official:twse_main,NORMAL,official:status_feeds,2026-09-24,103977.0,103.977,cache,VOLUME_LT_THRESHOLD,103.977 張 < 1000 張,False
5236,凌陽創新,TWSE,COMMON_STOCK,official:twse_main,NORMAL,official:status_feeds,2026-09-24,49832.0,49.832,cache,VOLUME_LT_THRESHOLD,49.832 張 < 1000 張,False
5243,乙盛-KY,TWSE,COMMON_STOCK,official:twse_main,NORMAL,official:status_feeds,2026-09-24,570817.0,570.817,cache,VOLUME_LT_THRESHOLD,570.817 張 < 1000 張,False
5244,弘凱,TWSE,COMMON_STOCK,official:twse_main,NORMAL,official:status_feeds,2026-09-24,69528.0,69.528,cache,VOLUME_LT_THRESHOLD,69.528 張 < 1000 張,False
5258,虹堡,TWSE,COMMON_STOCK,official:twse_main,NORMAL,official:status_feeds,2026-09-24,213538.0,213.538,cache,VOLUME_LT_THRESHOLD,213.538 張 < 1000 張,False
5269,祥碩,TWSE,COMMON_STOCK,official:twse_main,NORMAL,official:status_feeds,2026-09-24,285085.0,285.085,cache,VOLUME_LT_THRESHOLD,285.085 張 < 1000 張,False
5283,禾聯碩,TWSE,COMMON_STOCK,official:twse_main,NORMAL,official:status_feeds,2026-09-24,55976.0,55.976,cache,VOLUME_LT_THRESHOLD,55.976 張 < 1000 張,False
5284,jpp-KY,TWSE,COMMON_STOCK,official:twse_main,NORMAL,official:status_feeds,2026-09-24,356041.0,356.041,cache,VOLUME_LT_THRESHOLD,356.041 張 < 1000 張,False
5285,界霖,TWSE,COMMON_STOCK,official:twse_main,NORMAL,official:status_feeds,2026-09-29,781129.0,781.129,cache,VOLUME_LT_THRESHOLD,781.129 張 < 1000 張,False
5288,豐祥-KY,TWSE,COMMON_STOCK,official:twse_main,NORMAL,official:status_feeds,2026-09-24,101067.0,101.067,cache,VOLUME_LT_THRESHOLD,101.067 張 < 1000 張,False
5292,華懋,TWSE,COMMON_STOCK,official:twse_main,NORMAL,official:status_feeds,2026-09-24,29227.0,29.227,cache,VOLUME_LT_THRESHOLD,29.227 張 < 1000 張,False
5306,桂盟,TWSE,COMMON_STOCK,official:twse_main,NORMAL,official:status_feeds,2026-09-24,24687.0,24.687,cache,VOLUME_LT_THRESHOLD,24.687 張 < 1000 張,False
5388,中磊,TWSE,WARRANT,official:twse_warrant,NORMAL,official:status_feeds,,,,unavailable,PRODUCT_WARRANT,排除商品類型：WARRANT,False
5434,崇越,TWSE,COMMON_STOCK,official:twse_main,NORMAL,official:status_feeds,2026-09-24,234099.0,234.099,cache,VOLUME_LT_THRESHOLD,234.099 張 < 1000 張,False
5469,瀚宇博,TWSE,COMMON_STOCK,official:twse_main,NORMAL,official:status_feeds,2026-09-24,491986.0,491.986,cache,VOLUME_LT_THRESHOLD,491.986 張 < 1000 張,False
5471,松翰,TWSE,COMMON_STOCK,official:twse_main,NORMAL,official:status_feeds,2026-09-24,758373.0,758.373,cache,VOLUME_LT_THRESHOLD,758.373 張 < 1000 張,False
5484,慧友,TWSE,COMMON_STOCK,official:twse_main,NORMAL,official:status_feeds,2026-09-24,83756.0,83.756,cache,VOLUME_LT_THRESHOLD,83.756 張 < 1000 張,False
5515,建國,TWSE,COMMON_STOCK,official:twse_main,NORMAL,official:status_feeds,2026-09-24,555267.0,555.267,cache,VOLUME_LT_THRESHOLD,555.267 張 < 1000 張,False
5519,隆大,TWSE,COMMON_STOCK,official:twse_main,NORMAL,official:status_feeds,2026-09-24,451181.0,451.181,cache,VOLUME_LT_THRESHOLD,451.181 張 < 1000 張,False
5521,工信,TWSE,COMMON_STOCK,official:twse_main,NORMAL,official:status_feeds,2026-09-24,745188.0,745.188,cache,VOLUME_LT_THRESHOLD,745.188 張 < 1000 張,False
5522,遠雄,TWSE,COMMON_STOCK,official:twse_main,NORMAL,official:status_feeds,2026-09-24,682178.0,682.178,cache,VOLUME_LT_THRESHOLD,682.178 張 < 1000 張,False
5525,順天,TWSE,COMMON_STOCK,official:twse_main,NORMAL,official:status_feeds,2026-09-24,132283.0,132.283,cache,VOLUME_LT_THRESHOLD,132.283 張 < 1000 張,False
5531,鄉林,TWSE,COMMON_STOCK,official:twse_main,NORMAL,official:status_feeds,2026-09-24,529559.0,529.559,cache,VOLUME_LT_THRESHOLD,529.559 張 < 1000 張,False
5533,皇鼎,TWSE,COMMON_STOCK,official:twse_main,NORMAL,official:status_feeds,2026-09-24,122890.0,122.89,cache,VOLUME_LT_THRESHOLD,122.890 張 < 1000 張,False
5534,長虹,TWSE,COMMON_STOCK,official:twse_main,NORMAL,official:status_feeds,2026-09-24,266414.0,266.414,cache,VOLUME_LT_THRESHOLD,266.414 張 < 1000 張,False
5538,東明-KY,TWSE,COMMON_STOCK,official:twse_main,NORMAL,official:status_feeds,2026-09-24,42132.0,42.132,cache,VOLUME_LT_THRESHOLD,42.132 張 < 1000 張,False
5546,永固-KY,TWSE,COMMON_STOCK,official:twse_main,NORMAL,official:status_feeds,2026-09-24,36090.0,36.09,cache,VOLUME_LT_THRESHOLD,36.090 張 < 1000 張,False
5607,遠雄港,TWSE,COMMON_STOCK,official:twse_main,NORMAL,official:status_feeds,2026-09-24,426451.0,426.451,cache,VOLUME_LT_THRESHOLD,426.451 張 < 1000 張,False
5608,四維航,TWSE,COMMON_STOCK,official:twse_main,NORMAL,official:status_feeds,2026-10-02,2173947.0,2173.947,cache,,,True
5706,鳳凰,TWSE,COMMON_STOCK,official:twse_main,NORMAL,official:status_feeds,2026-09-24,67236.0,67.236,cache,VOLUME_LT_THRESHOLD,67.236 張 < 1000 張,False
5871,中租-KY,TWSE,COMMON_STOCK,official:twse_main,NORMAL,official:status_feeds,2026-10-02,5948646.0,5948.646,cache,,,True
5876,上海商銀,TWSE,COMMON_STOCK,official:twse_main,NORMAL,official:status_feeds,2026-10-02,3664456.0,3664.456,cache,,,True
5880,合庫金,TWSE,WARRANT,official:twse_warrant,NORMAL,official:status_feeds,,,,unavailable,PRODUCT_WARRANT,排除商品類型：WARRANT,False
5906,台南-KY,TWSE,COMMON_STOCK,official:twse_main,NORMAL,official:status_feeds,,,,unavailable,VOLUME_UNKNOWN,最近可得交易日成交量 Cache 不存在或無有效值,False
5907,大洋-KY,TWSE,COMMON_STOCK,official:twse_main,NORMAL,official:status_feeds,2026-09-24,122058.0,122.058,cache,VOLUME_LT_THRESHOLD,122.058 張 < 1000 張,False
6005,群益證,TWSE,COMMON_STOCK,official:twse_main,NORMAL,official:status_feeds,2026-10-02,3652489.0,3652.489,cache,,,True
6024,群益期,TWSE,COMMON_STOCK,official:twse_main,NORMAL,official:status_feeds,2026-09-24,107319.0,107.319,cache,VOLUME_LT_THRESHOLD,107.319 張 < 1000 張,False
6108,競國,TWSE,COMMON_STOCK,official:twse_main,NORMAL,official:status_feeds,2026-10-02,1558395.0,1558.395,cache,,,True
6112,邁達特,TWSE,COMMON_STOCK,official:twse_main,NORMAL,official:status_feeds,2026-09-29,861750.0,861.75,cache,VOLUME_LT_THRESHOLD,861.750 張 < 1000 張,False
6115,鎰勝,TWSE,COMMON_STOCK,official:twse_main,NORMAL,official:status_feeds,2026-09-24,51556.0,51.556,cache,VOLUME_LT_THRESHOLD,51.556 張 < 1000 張,False
6116,彩晶,TWSE,COMMON_STOCK,official:twse_main,NORMAL,official:status_feeds,2026-10-02,80015461.0,80015.461,cache,,,True
6117,迎廣,TWSE,COMMON_STOCK,official:twse_main,NORMAL,official:status_feeds,2026-09-24,59417.0,59.417,cache,VOLUME_LT_THRESHOLD,59.417 張 < 1000 張,False
6120,達運,TWSE,COMMON_STOCK,official:twse_main,NORMAL,official:status_feeds,2026-10-02,16135373.0,16135.373,cache,,,True
6128,上福,TWSE,COMMON_STOCK,official:twse_main,NORMAL,official:status_feeds,2026-09-24,17457.0,17.457,cache,VOLUME_LT_THRESHOLD,17.457 張 < 1000 張,False
6133,金橋,TWSE,COMMON_STOCK,official:twse_main,NORMAL,official:status_feeds,2026-10-02,4672601.0,4672.601,cache,,,True
6136,富爾特,TWSE,COMMON_STOCK,official:twse_main,NORMAL,official:status_feeds,2026-09-24,130061.0,130.061,cache,VOLUME_LT_THRESHOLD,130.061 張 < 1000 張,False
6139,亞翔,TWSE,COMMON_STOCK,official:twse_main,NORMAL,official:status_feeds,2026-10-02,3304534.0,3304.534,cache,,,True
6141,柏承,TWSE,COMMON_STOCK,official:twse_main,NORMAL,official:status_feeds,2026-10-02,2124864.0,2124.864,cache,,,True
6142,友勁,TWSE,COMMON_STOCK,official:twse_main,NORMAL,official:status_feeds,2026-09-24,254269.0,254.269,cache,VOLUME_LT_THRESHOLD,254.269 張 < 1000 張,False
6152,百一,TWSE,COMMON_STOCK,official:twse_main,NORMAL,official:status_feeds,2026-09-24,480652.0,480.652,cache,VOLUME_LT_THRESHOLD,480.652 張 < 1000 張,False
6153,嘉聯益,TWSE,COMMON_STOCK,official:twse_main,NORMAL,official:status_feeds,2026-10-02,1702786.0,1702.786,cache,,,True
6155,鈞寶,TWSE,COMMON_STOCK,official:twse_main,NORMAL,official:status_feeds,2026-10-02,16636888.0,16636.888,cache,,,True
6164,華興,TWSE,COMMON_STOCK,official:twse_main,NORMAL,official:status_feeds,2026-09-24,348731.0,348.731,cache,VOLUME_LT_THRESHOLD,348.731 張 < 1000 張,False
6165,浪凡,TWSE,COMMON_STOCK,official:twse_main,NORMAL,official:status_feeds,2026-09-24,150868.0,150.868,cache,VOLUME_LT_THRESHOLD,150.868 張 < 1000 張,False
6166,凌華,TWSE,COMMON_STOCK,official:twse_main,NORMAL,official:status_feeds,2026-10-02,999557.0,999.557,cache,VOLUME_LT_THRESHOLD,999.557 張 < 1000 張,False
6168,宏齊,TWSE,COMMON_STOCK,official:twse_main,NORMAL,official:status_feeds,2026-10-02,4275358.0,4275.358,cache,,,True
6176,瑞儀,TWSE,COMMON_STOCK,official:twse_main,NORMAL,official:status_feeds,2026-10-02,771588.0,771.588,cache,VOLUME_LT_THRESHOLD,771.588 張 < 1000 張,False
6177,達麗,TWSE,COMMON_STOCK,official:twse_main,NORMAL,official:status_feeds,2026-09-29,620878.0,620.878,cache,VOLUME_LT_THRESHOLD,620.878 張 < 1000 張,False
6183,關貿,TWSE,COMMON_STOCK,official:twse_main,NORMAL,official:status_feeds,2026-09-24,18832.0,18.832,cache,VOLUME_LT_THRESHOLD,18.832 張 < 1000 張,False
6184,大豐電,TWSE,COMMON_STOCK,official:twse_main,NORMAL,official:status_feeds,2026-09-24,43261.0,43.261,cache,VOLUME_LT_THRESHOLD,43.261 張 < 1000 張,False
6189,豐藝,TWSE,COMMON_STOCK,official:twse_main,NORMAL,official:status_feeds,2026-09-24,253498.0,253.498,cache,VOLUME_LT_THRESHOLD,253.498 張 < 1000 張,False
6191,精成科,TWSE,COMMON_STOCK,official:twse_main,NORMAL,official:status_feeds,2026-09-24,813601.0,813.601,cache,VOLUME_LT_THRESHOLD,813.601 張 < 1000 張,False
6192,巨路,TWSE,COMMON_STOCK,official:twse_main,NORMAL,official:status_feeds,2026-09-24,52488.0,52.488,cache,VOLUME_LT_THRESHOLD,52.488 張 < 1000 張,False
6196,帆宣,TWSE,COMMON_STOCK,official:twse_main,NORMAL,official:status_feeds,2026-10-02,1802450.0,1802.45,cache,,,True
6197,佳必琪,TWSE,COMMON_STOCK,official:twse_main,NORMAL,official:status_feeds,2026-09-24,993774.0,993.774,cache,VOLUME_LT_THRESHOLD,993.774 張 < 1000 張,False
6201,亞弘電,TWSE,COMMON_STOCK,official:twse_main,NORMAL,official:status_feeds,2026-09-24,15252.0,15.252,cache,VOLUME_LT_THRESHOLD,15.252 張 < 1000 張,False
6202,盛群,TWSE,COMMON_STOCK,official:twse_main,NORMAL,official:status_feeds,2026-09-24,879959.0,879.959,cache,VOLUME_LT_THRESHOLD,879.959 張 < 1000 張,False
6205,詮欣,TWSE,COMMON_STOCK,official:twse_main,NORMAL,official:status_feeds,2026-10-02,3399984.0,3399.984,cache,,,True
6206,飛捷,TWSE,COMMON_STOCK,official:twse_main,NORMAL,official:status_feeds,2026-09-24,318098.0,318.098,cache,VOLUME_LT_THRESHOLD,318.098 張 < 1000 張,False
6209,今國光,TWSE,COMMON_STOCK,official:twse_main,NORMAL,official:status_feeds,2026-10-02,9549478.0,9549.478,cache,,,True
6213,聯茂,TWSE,COMMON_STOCK,official:twse_main,NORMAL,official:status_feeds,2026-10-02,24367397.0,24367.397,cache,,,True
6214,精誠,TWSE,COMMON_STOCK,official:twse_main,NORMAL,official:status_feeds,2026-10-01,732126.0,732.126,cache,VOLUME_LT_THRESHOLD,732.126 張 < 1000 張,False
6215,和椿,TWSE,COMMON_STOCK,official:twse_main,NORMAL,official:status_feeds,2026-09-24,367400.0,367.4,cache,VOLUME_LT_THRESHOLD,367.400 張 < 1000 張,False
6216,居易,TWSE,COMMON_STOCK,official:twse_main,NORMAL,official:status_feeds,2026-09-24,33100.0,33.1,cache,VOLUME_LT_THRESHOLD,33.100 張 < 1000 張,False
6224,聚鼎,TWSE,COMMON_STOCK,official:twse_main,NORMAL,official:status_feeds,2026-09-24,842435.0,842.435,cache,VOLUME_LT_THRESHOLD,842.435 張 < 1000 張,False
6225,天瀚,TWSE,COMMON_STOCK,official:twse_main,NORMAL,official:status_feeds,2026-09-29,800324.0,800.324,cache,VOLUME_LT_THRESHOLD,800.324 張 < 1000 張,False
6226,光鼎,TWSE,COMMON_STOCK,official:twse_main,NORMAL,official:status_feeds,2026-10-02,39930818.0,39930.818,cache,,,True
6230,尼得科超眾,TWSE,COMMON_STOCK,official:twse_main,NORMAL,official:status_feeds,2026-09-24,42552.0,42.552,cache,VOLUME_LT_THRESHOLD,42.552 張 < 1000 張,False
6235,華孚,TWSE,COMMON_STOCK,official:twse_main,NORMAL,official:status_feeds,2026-09-24,471977.0,471.977,cache,VOLUME_LT_THRESHOLD,471.977 張 < 1000 張,False
6239,力成,TWSE,COMMON_STOCK,official:twse_main,NORMAL,official:status_feeds,2026-10-02,30835497.0,30835.497,cache,,,True
6243,迅杰,TWSE,COMMON_STOCK,official:twse_main,NORMAL,official:status_feeds,2026-09-29,362425.0,362.425,cache,VOLUME_LT_THRESHOLD,362.425 張 < 1000 張,False
6257,矽格,TWSE,COMMON_STOCK,official:twse_main,NORMAL,official:status_feeds,2026-10-02,15922505.0,15922.505,cache,,,True
6269,台郡,TWSE,COMMON_STOCK,official:twse_main,NORMAL,official:status_feeds,2026-10-02,2625479.0,2625.479,cache,,,True
6271,同欣電,TWSE,COMMON_STOCK,official:twse_main,NORMAL,official:status_feeds,2026-10-02,4573045.0,4573.045,cache,,,True
6272,驊陞,TWSE,COMMON_STOCK,official:twse_main,NORMAL,official:status_feeds,2026-09-24,187267.0,187.267,cache,VOLUME_LT_THRESHOLD,187.267 張 < 1000 張,False
6277,宏正,TWSE,COMMON_STOCK,official:twse_main,NORMAL,official:status_feeds,2026-09-24,67573.0,67.573,cache,VOLUME_LT_THRESHOLD,67.573 張 < 1000 張,False
6278,台表科,TWSE,COMMON_STOCK,official:twse_main,NORMAL,official:status_feeds,2026-10-02,6237633.0,6237.633,cache,,,True
6281,全國電,TWSE,COMMON_STOCK,official:twse_main,NORMAL,official:status_feeds,2026-09-24,42484.0,42.484,cache,VOLUME_LT_THRESHOLD,42.484 張 < 1000 張,False
6282,康舒,TWSE,COMMON_STOCK,official:twse_main,NORMAL,official:status_feeds,2026-10-02,6063472.0,6063.472,cache,,,True
6283,淳安,TWSE,COMMON_STOCK,official:twse_main,NORMAL,official:status_feeds,2026-09-24,29017.0,29.017,cache,VOLUME_LT_THRESHOLD,29.017 張 < 1000 張,False
6285,啟碁,TWSE,COMMON_STOCK,official:twse_main,NORMAL,official:status_feeds,2026-10-02,3030823.0,3030.823,cache,,,True
6405,悅城,TWSE,COMMON_STOCK,official:twse_main,NORMAL,official:status_feeds,2026-09-24,538439.0,538.439,cache,VOLUME_LT_THRESHOLD,538.439 張 < 1000 張,False
6409,旭隼,TWSE,COMMON_STOCK,official:twse_main,NORMAL,official:status_feeds,2026-09-24,234051.0,234.051,cache,VOLUME_LT_THRESHOLD,234.051 張 < 1000 張,False
6412,群電,TWSE,COMMON_STOCK,official:twse_main,NORMAL,official:status_feeds,2026-09-24,319411.0,319.411,cache,VOLUME_LT_THRESHOLD,319.411 張 < 1000 張,False
6414,樺漢,TWSE,COMMON_STOCK,official:twse_main,NORMAL,official:status_feeds,2026-09-24,590230.0,590.23,cache,VOLUME_LT_THRESHOLD,590.230 張 < 1000 張,False
6415,矽力*-KY,TWSE,COMMON_STOCK,official:twse_main,NORMAL,official:status_feeds,2026-10-02,2189982.0,2189.982,cache,,,True
6416,瑞祺電通,TWSE,COMMON_STOCK,official:twse_main,NORMAL,official:status_feeds,2026-09-24,257186.0,257.186,cache,VOLUME_LT_THRESHOLD,257.186 張 < 1000 張,False
6426,統新,TWSE,COMMON_STOCK,official:twse_main,NORMAL,official:status_feeds,2026-10-02,4936579.0,4936.579,cache,,,True
6431,光麗-KY,TWSE,COMMON_STOCK,official:twse_main,NORMAL,official:status_feeds,2026-09-24,11004.0,11.004,cache,VOLUME_LT_THRESHOLD,11.004 張 < 1000 張,False
6438,迅得,TWSE,COMMON_STOCK,official:twse_main,NORMAL,official:status_feeds,2026-10-01,714358.0,714.358,cache,VOLUME_LT_THRESHOLD,714.358 張 < 1000 張,False
6442,光聖,TWSE,COMMON_STOCK,official:twse_main,NORMAL,official:status_feeds,2026-09-24,895074.0,895.074,cache,VOLUME_LT_THRESHOLD,895.074 張 < 1000 張,False
6443,元晶,TWSE,WARRANT,official:twse_warrant,NORMAL,official:status_feeds,,,,unavailable,PRODUCT_WARRANT,排除商品類型：WARRANT,False
6446,藥華藥,TWSE,COMMON_STOCK,official:twse_main,NORMAL,official:status_feeds,2026-10-02,1255233.0,1255.233,cache,,,True
6449,鈺邦,TWSE,COMMON_STOCK,official:twse_main,NORMAL,official:status_feeds,2026-09-24,447534.0,447.534,cache,VOLUME_LT_THRESHOLD,447.534 張 < 1000 張,False
6451,訊芯-KY,TWSE,COMMON_STOCK,official:twse_main,NORMAL,official:status_feeds,2026-09-24,992621.0,992.621,cache,VOLUME_LT_THRESHOLD,992.621 張 < 1000 張,False
6456,GIS-KY,TWSE,COMMON_STOCK,official:twse_main,NORMAL,official:status_feeds,2026-10-02,20444355.0,20444.355,cache,,,True
6464,台數科,TWSE,COMMON_STOCK,official:twse_main,NORMAL,official:status_feeds,2026-09-24,1105.0,1.105,cache,VOLUME_LT_THRESHOLD,1.105 張 < 1000 張,False
6472,保瑞,TWSE,COMMON_STOCK,official:twse_main,NORMAL,official:status_feeds,2026-09-24,508828.0,508.828,cache,VOLUME_LT_THRESHOLD,508.828 張 < 1000 張,False
6477,安集,TWSE,COMMON_STOCK,official:twse_main,NORMAL,official:status_feeds,2026-09-24,852394.0,852.394,cache,VOLUME_LT_THRESHOLD,852.394 張 < 1000 張,False
6491,晶碩,TWSE,COMMON_STOCK,official:twse_main,NORMAL,official:status_feeds,2026-09-24,177464.0,177.464,cache,VOLUME_LT_THRESHOLD,177.464 張 < 1000 張,False
6504,南六,TWSE,COMMON_STOCK,official:twse_main,NORMAL,official:status_feeds,2026-09-24,16000.0,16.0,cache,VOLUME_LT_THRESHOLD,16.000 張 < 1000 張,False
6505,台塑化,TWSE,COMMON_STOCK,official:twse_main,NORMAL,official:status_feeds,2026-10-02,35503078.0,35503.078,cache,,,True
6515,穎崴,TWSE,COMMON_STOCK,official:twse_main,NORMAL,official:status_feeds,2026-09-24,445040.0,445.04,cache,VOLUME_LT_THRESHOLD,445.040 張 < 1000 張,False
6525,捷敏-KY,TWSE,COMMON_STOCK,official:twse_main,NORMAL,official:status_feeds,2026-09-24,449529.0,449.529,cache,VOLUME_LT_THRESHOLD,449.529 張 < 1000 張,False
6526,達發,TWSE,COMMON_STOCK,official:twse_main,DISPOSAL,official:disposal,,,,unavailable,STATUS_DISPOSAL,交易狀態：DISPOSAL,False
6531,愛普*,TWSE,COMMON_STOCK,official:twse_main,NORMAL,official:status_feeds,2026-10-02,5926915.0,5926.915,cache,,,True
6533,晶心科,TWSE,COMMON_STOCK,official:twse_main,NORMAL,official:status_feeds,2026-10-02,7574941.0,7574.941,cache,,,True
6534,正瀚-創,TWSE,COMMON_STOCK,official:twse_main,NORMAL,official:status_feeds,2026-09-24,54140.0,54.14,cache,VOLUME_LT_THRESHOLD,54.140 張 < 1000 張,False
6541,泰福-KY,TWSE,COMMON_STOCK,official:twse_main,NORMAL,official:status_feeds,2026-09-24,501087.0,501.087,cache,VOLUME_LT_THRESHOLD,501.087 張 < 1000 張,False
6550,北極星藥業-KY,TWSE,COMMON_STOCK,official:twse_main,NORMAL,official:status_feeds,,,,unavailable,VOLUME_UNKNOWN,最近可得交易日成交量 Cache 不存在或無有效值,False
6552,易華電,TWSE,COMMON_STOCK,official:twse_main,NORMAL,official:status_feeds,2026-09-24,44502.0,44.502,cache,VOLUME_LT_THRESHOLD,44.502 張 < 1000 張,False
6558,興能高,TWSE,COMMON_STOCK,official:twse_main,NORMAL,official:status_feeds,2026-09-24,147224.0,147.224,cache,VOLUME_LT_THRESHOLD,147.224 張 < 1000 張,False
6573,虹揚-KY,TWSE,COMMON_STOCK,official:twse_main,NORMAL,official:status_feeds,2026-09-24,105089.0,105.089,cache,VOLUME_LT_THRESHOLD,105.089 張 < 1000 張,False
6579,研揚,TWSE,COMMON_STOCK,official:twse_main,NORMAL,official:status_feeds,2026-09-24,170694.0,170.694,cache,VOLUME_LT_THRESHOLD,170.694 張 < 1000 張,False
6581,鋼聯,TWSE,COMMON_STOCK,official:twse_main,NORMAL,official:status_feeds,2026-09-24,6045.0,6.045,cache,VOLUME_LT_THRESHOLD,6.045 張 < 1000 張,False
6582,申豐,TWSE,COMMON_STOCK,official:twse_main,NORMAL,official:status_feeds,2026-09-24,38714.0,38.714,cache,VOLUME_LT_THRESHOLD,38.714 張 < 1000 張,False
6585,鼎基,TWSE,COMMON_STOCK,official:twse_main,NORMAL,official:status_feeds,2026-09-24,49421.0,49.421,cache,VOLUME_LT_THRESHOLD,49.421 張 < 1000 張,False
6589,台康生技,TWSE,COMMON_STOCK,official:twse_main,NORMAL,official:status_feeds,2026-09-24,832462.0,832.462,cache,VOLUME_LT_THRESHOLD,832.462 張 < 1000 張,False
6591,動力-KY,TWSE,COMMON_STOCK,official:twse_main,NORMAL,official:status_feeds,2026-09-24,140273.0,140.273,cache,VOLUME_LT_THRESHOLD,140.273 張 < 1000 張,False
6592,和潤企業,TWSE,COMMON_STOCK,official:twse_main,NORMAL,official:status_feeds,2026-09-24,459236.0,459.236,cache,VOLUME_LT_THRESHOLD,459.236 張 < 1000 張,False
6598,ABC-KY,TWSE,COMMON_STOCK,official:twse_main,NORMAL,official:status_feeds,2026-09-24,96158.0,96.158,cache,VOLUME_LT_THRESHOLD,96.158 張 < 1000 張,False
6605,帝寶,TWSE,COMMON_STOCK,official:twse_main,NORMAL,official:status_feeds,2026-09-24,109831.0,109.831,cache,VOLUME_LT_THRESHOLD,109.831 張 < 1000 張,False
6606,建德工業,TWSE,COMMON_STOCK,official:twse_main,NORMAL,official:status_feeds,2026-09-24,72606.0,72.606,cache,VOLUME_LT_THRESHOLD,72.606 張 < 1000 張,False
6614,資拓宏宇,TWSE,COMMON_STOCK,official:twse_main,NORMAL,official:status_feeds,2026-09-24,12220.0,12.22,cache,VOLUME_LT_THRESHOLD,12.220 張 < 1000 張,False
6625,必應,TWSE,COMMON_STOCK,official:twse_main,NORMAL,official:status_feeds,2026-09-24,30553.0,30.553,cache,VOLUME_LT_THRESHOLD,30.553 張 < 1000 張,False
6641,基士德-KY,TWSE,COMMON_STOCK,official:twse_main,NORMAL,official:status_feeds,2026-09-24,9000.0,9.0,cache,VOLUME_LT_THRESHOLD,9.000 張 < 1000 張,False
6645,金萬林-創,TWSE,COMMON_STOCK,official:twse_main,NORMAL,official:status_feeds,2026-09-24,12200.0,12.2,cache,VOLUME_LT_THRESHOLD,12.200 張 < 1000 張,False
6655,科定,TWSE,COMMON_STOCK,official:twse_main,NORMAL,official:status_feeds,2026-09-24,1.0,0.001,cache,VOLUME_LT_THRESHOLD,0.001 張 < 1000 張,False
6657,華安,TWSE,COMMON_STOCK,official:twse_main,NORMAL,official:status_feeds,2026-09-24,81194.0,81.194,cache,VOLUME_LT_THRESHOLD,81.194 張 < 1000 張,False
6658,聯策,TWSE,WARRANT,official:twse_warrant,NORMAL,official:status_feeds,,,,unavailable,PRODUCT_WARRANT,排除商品類型：WARRANT,False
6666,羅麗芬-KY,TWSE,WARRANT,official:twse_warrant,NORMAL,official:status_feeds,,,,unavailable,PRODUCT_WARRANT,排除商品類型：WARRANT,False
6668,中揚光,TWSE,COMMON_STOCK,official:twse_main,NORMAL,official:status_feeds,2026-10-02,1776027.0,1776.027,cache,,,True
6669,緯穎,TWSE,COMMON_STOCK,official:twse_main,NORMAL,official:status_feeds,2026-10-02,2329609.0,2329.609,cache,,,True
6670,復盛應用,TWSE,COMMON_STOCK,official:twse_main,NORMAL,official:status_feeds,2026-09-24,126922.0,126.922,cache,VOLUME_LT_THRESHOLD,126.922 張 < 1000 張,False
6671,三能-KY,TWSE,COMMON_STOCK,official:twse_main,NORMAL,official:status_feeds,2026-09-24,5030.0,5.03,cache,VOLUME_LT_THRESHOLD,5.030 張 < 1000 張,False
6672,騰輝電子-KY,TWSE,COMMON_STOCK,official:twse_main,NORMAL,official:status_feeds,2026-10-02,16620827.0,16620.827,cache,,,True
6674,鋐寶科技,TWSE,COMMON_STOCK,official:twse_main,NORMAL,official:status_feeds,2026-09-24,199815.0,199.815,cache,VOLUME_LT_THRESHOLD,199.815 張 < 1000 張,False
6689,伊雲谷,TWSE,COMMON_STOCK,official:twse_main,NORMAL,official:status_feeds,2026-09-24,490273.0,490.273,cache,VOLUME_LT_THRESHOLD,490.273 張 < 1000 張,False
6691,洋基工程,TWSE,COMMON_STOCK,official:twse_main,NORMAL,official:status_feeds,2026-09-24,736040.0,736.04,cache,VOLUME_LT_THRESHOLD,736.040 張 < 1000 張,False
6695,芯鼎,TWSE,COMMON_STOCK,official:twse_main,NORMAL,official:status_feeds,2026-09-24,156551.0,156.551,cache,VOLUME_LT_THRESHOLD,156.551 張 < 1000 張,False
6698,旭暉應材,TWSE,COMMON_STOCK,official:twse_main,NORMAL,official:status_feeds,2026-09-24,52578.0,52.578,cache,VOLUME_LT_THRESHOLD,52.578 張 < 1000 張,False
6706,惠特,TWSE,COMMON_STOCK,official:twse_main,NORMAL,official:status_feeds,2026-10-02,4150630.0,4150.63,cache,,,True
6715,嘉基,TWSE,COMMON_STOCK,official:twse_main,NORMAL,official:status_feeds,2026-09-24,560936.0,560.936,cache,VOLUME_LT_THRESHOLD,560.936 張 < 1000 張,False
6719,力智,TWSE,COMMON_STOCK,official:twse_main,NORMAL,official:status_feeds,2026-09-24,283508.0,283.508,cache,VOLUME_LT_THRESHOLD,283.508 張 < 1000 張,False
6722,輝創,TWSE,COMMON_STOCK,official:twse_main,NORMAL,official:status_feeds,2026-09-24,9521.0,9.521,cache,VOLUME_LT_THRESHOLD,9.521 張 < 1000 張,False
6742,澤米,TWSE,COMMON_STOCK,official:twse_main,NORMAL,official:status_feeds,2026-09-29,723913.0,723.913,cache,VOLUME_LT_THRESHOLD,723.913 張 < 1000 張,False
6743,安普新,TWSE,COMMON_STOCK,official:twse_main,NORMAL,official:status_feeds,2026-09-24,535034.0,535.034,cache,VOLUME_LT_THRESHOLD,535.034 張 < 1000 張,False
6753,龍德造船,TWSE,COMMON_STOCK,official:twse_main,NORMAL,official:status_feeds,2026-09-24,248283.0,248.283,cache,VOLUME_LT_THRESHOLD,248.283 張 < 1000 張,False
6754,匯僑設計,TWSE,COMMON_STOCK,official:twse_main,NORMAL,official:status_feeds,2026-09-24,7102.0,7.102,cache,VOLUME_LT_THRESHOLD,7.102 張 < 1000 張,False
6756,威鋒電子,TWSE,COMMON_STOCK,official:twse_main,NORMAL,official:status_feeds,2026-09-24,78807.0,78.807,cache,VOLUME_LT_THRESHOLD,78.807 張 < 1000 張,False
6757,台灣虎航,TWSE,COMMON_STOCK,official:twse_main,NORMAL,official:status_feeds,2026-09-24,485683.0,485.683,cache,VOLUME_LT_THRESHOLD,485.683 張 < 1000 張,False
6768,志強-KY,TWSE,COMMON_STOCK,official:twse_main,NORMAL,official:status_feeds,2026-09-24,48690.0,48.69,cache,VOLUME_LT_THRESHOLD,48.690 張 < 1000 張,False
6770,力積電,TWSE,COMMON_STOCK,official:twse_main,NORMAL,official:status_feeds,2026-10-02,178851877.0,178851.877,cache,,,True
6771,平和環保-創,TWSE,COMMON_STOCK,official:twse_main,NORMAL,official:status_feeds,2026-09-24,9000.0,9.0,cache,VOLUME_LT_THRESHOLD,9.000 張 < 1000 張,False
6776,展碁國際,TWSE,COMMON_STOCK,official:twse_main,NORMAL,official:status_feeds,2026-09-24,63140.0,63.14,cache,VOLUME_LT_THRESHOLD,63.140 張 < 1000 張,False
6781,AES-KY,TWSE,COMMON_STOCK,official:twse_main,NORMAL,official:status_feeds,2026-09-24,143940.0,143.94,cache,VOLUME_LT_THRESHOLD,143.940 張 < 1000 張,False
6782,視陽,TWSE,COMMON_STOCK,official:twse_main,NORMAL,official:status_feeds,2026-09-24,156032.0,156.032,cache,VOLUME_LT_THRESHOLD,156.032 張 < 1000 張,False
6789,采鈺,TWSE,COMMON_STOCK,official:twse_main,NORMAL,official:status_feeds,2026-09-24,862427.0,862.427,cache,VOLUME_LT_THRESHOLD,862.427 張 < 1000 張,False
6790,永豐實,TWSE,COMMON_STOCK,official:twse_main,NORMAL,official:status_feeds,2026-09-24,51018.0,51.018,cache,VOLUME_LT_THRESHOLD,51.018 張 < 1000 張,False
6792,詠業,TWSE,COMMON_STOCK,official:twse_main,NORMAL,official:status_feeds,2026-09-24,13000.0,13.0,cache,VOLUME_LT_THRESHOLD,13.000 張 < 1000 張,False
6794,向榮生技,TWSE,COMMON_STOCK,official:twse_main,NORMAL,official:status_feeds,2026-09-24,38000.0,38.0,cache,VOLUME_LT_THRESHOLD,38.000 張 < 1000 張,False
6796,晉弘,TWSE,COMMON_STOCK,official:twse_main,NORMAL,official:status_feeds,2026-09-24,22998.0,22.998,cache,VOLUME_LT_THRESHOLD,22.998 張 < 1000 張,False
6799,來頡,TWSE,COMMON_STOCK,official:twse_main,NORMAL,official:status_feeds,2026-09-24,219429.0,219.429,cache,VOLUME_LT_THRESHOLD,219.429 張 < 1000 張,False
6805,富世達,TWSE,COMMON_STOCK,official:twse_main,NORMAL,official:status_feeds,2026-10-02,1860964.0,1860.964,cache,,,True
6807,峰源-KY,TWSE,COMMON_STOCK,official:twse_main,NORMAL,official:status_feeds,,,,unavailable,VOLUME_UNKNOWN,最近可得交易日成交量 Cache 不存在或無有效值,False
6830,汎銓,TWSE,COMMON_STOCK,official:twse_main,NORMAL,official:status_feeds,2026-09-24,942448.0,942.448,cache,VOLUME_LT_THRESHOLD,942.448 張 < 1000 張,False
6831,邁科,TWSE,COMMON_STOCK,official:twse_main,NORMAL,official:status_feeds,2026-09-29,786787.0,786.787,cache,VOLUME_LT_THRESHOLD,786.787 張 < 1000 張,False
6834,天二科技,TWSE,COMMON_STOCK,official:twse_main,NORMAL,official:status_feeds,2026-10-02,12078273.0,12078.273,cache,,,True
6835,圓裕,TWSE,COMMON_STOCK,official:twse_main,NORMAL,official:status_feeds,2026-09-24,20180.0,20.18,cache,VOLUME_LT_THRESHOLD,20.180 張 < 1000 張,False
6838,台新藥,TWSE,COMMON_STOCK,official:twse_main,NORMAL,official:status_feeds,2026-09-24,603017.0,603.017,cache,VOLUME_LT_THRESHOLD,603.017 張 < 1000 張,False
6854,錼創科技-KY創,TWSE,COMMON_STOCK,official:twse_main,NORMAL,official:status_feeds,2026-09-24,153317.0,153.317,cache,VOLUME_LT_THRESHOLD,153.317 張 < 1000 張,False
6861,睿生光電,TWSE,WARRANT,official:twse_warrant,NORMAL,official:status_feeds,,,,unavailable,PRODUCT_WARRANT,排除商品類型：WARRANT,False
6862,三集瑞-KY,TWSE,COMMON_STOCK,official:twse_main,NORMAL,official:status_feeds,2026-09-24,49026.0,49.026,cache,VOLUME_LT_THRESHOLD,49.026 張 < 1000 張,False
6863,永道-KY,TWSE,COMMON_STOCK,official:twse_main,NORMAL,official:status_feeds,2026-09-24,50850.0,50.85,cache,VOLUME_LT_THRESHOLD,50.850 張 < 1000 張,False
6869,雲豹能源,TWSE,COMMON_STOCK,official:twse_main,NORMAL,official:status_feeds,2026-09-24,371509.0,371.509,cache,VOLUME_LT_THRESHOLD,371.509 張 < 1000 張,False
6873,泓德能源,TWSE,COMMON_STOCK,official:twse_main,NORMAL,official:status_feeds,2026-09-24,226797.0,226.797,cache,VOLUME_LT_THRESHOLD,226.797 張 < 1000 張,False
6885,全福生技,TWSE,WARRANT,official:twse_warrant,NORMAL,official:status_feeds,,,,unavailable,PRODUCT_WARRANT,排除商品類型：WARRANT,False
6887,寶綠特-KY,TWSE,COMMON_STOCK,official:twse_main,NORMAL,official:status_feeds,2026-09-24,10000.0,10.0,cache,VOLUME_LT_THRESHOLD,10.000 張 < 1000 張,False
6890,來億-KY,TWSE,COMMON_STOCK,official:twse_main,NORMAL,official:status_feeds,2026-09-24,140614.0,140.614,cache,VOLUME_LT_THRESHOLD,140.614 張 < 1000 張,False
6901,鑽石投資,TWSE,COMMON_STOCK,official:twse_main,NORMAL,official:status_feeds,2026-10-02,1721017.0,1721.017,cache,,,True
6902,GOGOLOOK,TWSE,COMMON_STOCK,official:twse_main,NORMAL,official:status_feeds,2026-09-29,739617.0,739.617,cache,VOLUME_LT_THRESHOLD,739.617 張 < 1000 張,False
6906,現觀科,TWSE,COMMON_STOCK,official:twse_main,NORMAL,official:status_feeds,2026-09-24,47047.0,47.047,cache,VOLUME_LT_THRESHOLD,47.047 張 < 1000 張,False
6908,宏碁遊戲-創,TWSE,COMMON_STOCK,official:twse_main,NORMAL,official:status_feeds,2026-09-24,12062.0,12.062,cache,VOLUME_LT_THRESHOLD,12.062 張 < 1000 張,False
6909,創控,TWSE,COMMON_STOCK,official:twse_main,NORMAL,official:status_feeds,2026-09-24,167616.0,167.616,cache,VOLUME_LT_THRESHOLD,167.616 張 < 1000 張,False
6914,阜爾運通,TWSE,COMMON_STOCK,official:twse_main,NORMAL,official:status_feeds,2026-09-24,20655.0,20.655,cache,VOLUME_LT_THRESHOLD,20.655 張 < 1000 張,False
6916,華凌,TWSE,COMMON_STOCK,official:twse_main,NORMAL,official:status_feeds,2026-09-24,15210.0,15.21,cache,VOLUME_LT_THRESHOLD,15.210 張 < 1000 張,False
6918,愛派司,TWSE,COMMON_STOCK,official:twse_main,NORMAL,official:status_feeds,2026-09-24,16115.0,16.115,cache,VOLUME_LT_THRESHOLD,16.115 張 < 1000 張,False
6919,康霈*,TWSE,COMMON_STOCK,official:twse_main,NORMAL,official:status_feeds,2026-10-02,3635766.0,3635.766,cache,,,True
6921,嘉雨思-創,TWSE,COMMON_STOCK,official:twse_main,NORMAL,official:status_feeds,2026-09-24,36100.0,36.1,cache,VOLUME_LT_THRESHOLD,36.100 張 < 1000 張,False
6923,中台,TWSE,COMMON_STOCK,official:twse_main,NORMAL,official:status_feeds,2026-09-24,62772.0,62.772,cache,VOLUME_LT_THRESHOLD,62.772 張 < 1000 張,False
6924,榮惠-KY創,TWSE,COMMON_STOCK,official:twse_main,NORMAL,official:status_feeds,2026-09-24,19247.0,19.247,cache,VOLUME_LT_THRESHOLD,19.247 張 < 1000 張,False
6928,攸泰科技,TWSE,COMMON_STOCK,official:twse_main,NORMAL,official:status_feeds,2026-09-24,31556.0,31.556,cache,VOLUME_LT_THRESHOLD,31.556 張 < 1000 張,False
6931,青松健康,TWSE,COMMON_STOCK,official:twse_main,NORMAL,official:status_feeds,2026-09-24,20182.0,20.182,cache,VOLUME_LT_THRESHOLD,20.182 張 < 1000 張,False
6933,AMAX-KY,TWSE,COMMON_STOCK,official:twse_main,NORMAL,official:status_feeds,2026-10-02,3286200.0,3286.2,cache,,,True
6934,心誠鎂,TWSE,COMMON_STOCK,official:twse_main,NORMAL,official:status_feeds,2026-09-24,60109.0,60.109,cache,VOLUME_LT_THRESHOLD,60.109 張 < 1000 張,False
6936,永鴻生技,TWSE,COMMON_STOCK,official:twse_main,NORMAL,official:status_feeds,2026-09-24,10469.0,10.469,cache,VOLUME_LT_THRESHOLD,10.469 張 < 1000 張,False
6937,天虹,TWSE,COMMON_STOCK,official:twse_main,NORMAL,official:status_feeds,2026-09-24,678835.0,678.835,cache,VOLUME_LT_THRESHOLD,678.835 張 < 1000 張,False
6944,兆聯實業,TWSE,COMMON_STOCK,official:twse_main,NORMAL,official:status_feeds,2026-09-24,469755.0,469.755,cache,VOLUME_LT_THRESHOLD,469.755 張 < 1000 張,False
6947,台鎔科技,TWSE,COMMON_STOCK,official:twse_main,NORMAL,official:status_feeds,2026-09-24,134696.0,134.696,cache,VOLUME_LT_THRESHOLD,134.696 張 < 1000 張,False
6949,沛爾生醫*-創,TWSE,COMMON_STOCK,official:twse_main,NORMAL,official:status_feeds,2026-10-02,14023533.0,14023.533,cache,,,True
6951,青新-創,TWSE,COMMON_STOCK,official:twse_main,NORMAL,official:status_feeds,2026-09-24,17699.0,17.699,cache,VOLUME_LT_THRESHOLD,17.699 張 < 1000 張,False
6952,大武山,TWSE,COMMON_STOCK,official:twse_main,NORMAL,official:status_feeds,2026-09-24,2000.0,2.0,cache,VOLUME_LT_THRESHOLD,2.000 張 < 1000 張,False
6955,邦睿生技-創,TWSE,COMMON_STOCK,official:twse_main,NORMAL,official:status_feeds,2026-09-24,1161.0,1.161,cache,VOLUME_LT_THRESHOLD,1.161 張 < 1000 張,False
6957,裕慶-KY,TWSE,COMMON_STOCK,official:twse_main,NORMAL,official:status_feeds,2026-09-24,467387.0,467.387,cache,VOLUME_LT_THRESHOLD,467.387 張 < 1000 張,False
6958,日盛台駿,TWSE,COMMON_STOCK,official:twse_main,NORMAL,official:status_feeds,2026-09-24,20238.0,20.238,cache,VOLUME_LT_THRESHOLD,20.238 張 < 1000 張,False
6962,奕力-KY,TWSE,COMMON_STOCK,official:twse_main,NORMAL,official:status_feeds,2026-09-24,686362.0,686.362,cache,VOLUME_LT_THRESHOLD,686.362 張 < 1000 張,False
6965,中傑-KY,TWSE,COMMON_STOCK,official:twse_main,NORMAL,official:status_feeds,2026-09-24,31654.0,31.654,cache,VOLUME_LT_THRESHOLD,31.654 張 < 1000 張,False
6969,成信實業*-創,TWSE,COMMON_STOCK,official:twse_main,NORMAL,official:status_feeds,2026-09-24,281313.0,281.313,cache,VOLUME_LT_THRESHOLD,281.313 張 < 1000 張,False
6988,威力暘-創,TWSE,COMMON_STOCK,official:twse_main,NORMAL,official:status_feeds,2026-09-24,49000.0,49.0,cache,VOLUME_LT_THRESHOLD,49.000 張 < 1000 張,False
6994,富威電力,TWSE,COMMON_STOCK,official:twse_main,NORMAL,official:status_feeds,2026-09-24,240031.0,240.031,cache,VOLUME_LT_THRESHOLD,240.031 張 < 1000 張,False
7610,聯友金屬-創,TWSE,COMMON_STOCK,official:twse_main,NORMAL,official:status_feeds,2026-09-24,540902.0,540.902,cache,VOLUME_LT_THRESHOLD,540.902 張 < 1000 張,False
7631,聚賢研發-創,TWSE,COMMON_STOCK,official:twse_main,NORMAL,official:status_feeds,2026-09-24,41366.0,41.366,cache,VOLUME_LT_THRESHOLD,41.366 張 < 1000 張,False
7689,大鵬科CLMX,TWSE,COMMON_STOCK,official:twse_main,NORMAL,official:status_feeds,2026-09-24,15131.0,15.131,cache,VOLUME_LT_THRESHOLD,15.131 張 < 1000 張,False
7705,三商餐飲,TWSE,COMMON_STOCK,official:twse_main,NORMAL,official:status_feeds,2026-09-24,19771.0,19.771,cache,VOLUME_LT_THRESHOLD,19.771 張 < 1000 張,False
7711,永擎,TWSE,COMMON_STOCK,official:twse_main,NORMAL,official:status_feeds,2026-09-24,458792.0,458.792,cache,VOLUME_LT_THRESHOLD,458.792 張 < 1000 張,False
7721,微程式,TWSE,COMMON_STOCK,official:twse_main,NORMAL,official:status_feeds,2026-09-24,34150.0,34.15,cache,VOLUME_LT_THRESHOLD,34.150 張 < 1000 張,False
7722,LINEPAY,TWSE,COMMON_STOCK,official:twse_main,NORMAL,official:status_feeds,2026-09-24,43574.0,43.574,cache,VOLUME_LT_THRESHOLD,43.574 張 < 1000 張,False
7730,暉盛-創,TWSE,COMMON_STOCK,official:twse_main,NORMAL,official:status_feeds,2026-09-24,10341.0,10.341,cache,VOLUME_LT_THRESHOLD,10.341 張 < 1000 張,False
7732,金興精密,TWSE,COMMON_STOCK,official:twse_main,NORMAL,official:status_feeds,2026-09-24,11007.0,11.007,cache,VOLUME_LT_THRESHOLD,11.007 張 < 1000 張,False
7736,虎山,TWSE,COMMON_STOCK,official:twse_main,NORMAL,official:status_feeds,2026-09-24,13002.0,13.002,cache,VOLUME_LT_THRESHOLD,13.002 張 < 1000 張,False
7740,熙特爾-創,TWSE,COMMON_STOCK,official:twse_main,NORMAL,official:status_feeds,2026-09-24,448580.0,448.58,cache,VOLUME_LT_THRESHOLD,448.580 張 < 1000 張,False
7749,意騰-KY,TWSE,COMMON_STOCK,official:twse_main,NORMAL,official:status_feeds,2026-09-24,295771.0,295.771,cache,VOLUME_LT_THRESHOLD,295.771 張 < 1000 張,False
7750,新代,TWSE,COMMON_STOCK,official:twse_main,NORMAL,official:status_feeds,2026-09-24,132618.0,132.618,cache,VOLUME_LT_THRESHOLD,132.618 張 < 1000 張,False
7760,享溫馨,TWSE,COMMON_STOCK,official:twse_main,NORMAL,official:status_feeds,2026-09-24,43092.0,43.092,cache,VOLUME_LT_THRESHOLD,43.092 張 < 1000 張,False
7765,中華資安,TWSE,COMMON_STOCK,official:twse_main,NORMAL,official:status_feeds,2026-09-24,99930.0,99.93,cache,VOLUME_LT_THRESHOLD,99.930 張 < 1000 張,False
7768,頌勝科技,TWSE,COMMON_STOCK,official:twse_main,NORMAL,official:status_feeds,2026-09-24,209303.0,209.303,cache,VOLUME_LT_THRESHOLD,209.303 張 < 1000 張,False
7769,鴻勁,TWSE,COMMON_STOCK,official:twse_main,NORMAL,official:status_feeds,2026-09-29,992836.0,992.836,cache,VOLUME_LT_THRESHOLD,992.836 張 < 1000 張,False
7780,大研生醫*,TWSE,COMMON_STOCK,official:twse_main,NORMAL,official:status_feeds,2026-09-24,493328.0,493.328,cache,VOLUME_LT_THRESHOLD,493.328 張 < 1000 張,False
7786,東方風能,TWSE,COMMON_STOCK,official:twse_main,NORMAL,official:status_feeds,2026-09-24,73689.0,73.689,cache,VOLUME_LT_THRESHOLD,73.689 張 < 1000 張,False
7788,松川精密,TWSE,COMMON_STOCK,official:twse_main,NORMAL,official:status_feeds,2026-09-24,470469.0,470.469,cache,VOLUME_LT_THRESHOLD,470.469 張 < 1000 張,False
7791,皇家可口,TWSE,COMMON_STOCK,official:twse_main,NORMAL,official:status_feeds,2026-09-24,10698.0,10.698,cache,VOLUME_LT_THRESHOLD,10.698 張 < 1000 張,False
7795,長廣,TWSE,COMMON_STOCK,official:twse_main,NORMAL,official:status_feeds,2026-09-24,502168.0,502.168,cache,VOLUME_LT_THRESHOLD,502.168 張 < 1000 張,False
7799,禾榮科,TWSE,COMMON_STOCK,official:twse_main,NORMAL,official:status_feeds,2026-09-29,621797.0,621.797,cache,VOLUME_LT_THRESHOLD,621.797 張 < 1000 張,False
7803,雲象科技-創,TWSE,COMMON_STOCK,official:twse_main,NORMAL,official:status_feeds,2026-09-24,27099.0,27.099,cache,VOLUME_LT_THRESHOLD,27.099 張 < 1000 張,False
7812,稜研科技*-創,TWSE,COMMON_STOCK,official:twse_main,NORMAL,official:status_feeds,2026-09-24,126071.0,126.071,cache,VOLUME_LT_THRESHOLD,126.071 張 < 1000 張,False
7818,溢泰實業,TWSE,COMMON_STOCK,official:twse_main,NORMAL,official:status_feeds,2026-09-24,26743.0,26.743,cache,VOLUME_LT_THRESHOLD,26.743 張 < 1000 張,False
7821,神數,TWSE,COMMON_STOCK,official:twse_main,NORMAL,official:status_feeds,2026-09-24,63919.0,63.919,cache,VOLUME_LT_THRESHOLD,63.919 張 < 1000 張,False
7822,倍利科,TWSE,COMMON_STOCK,official:twse_main,NORMAL,official:status_feeds,2026-09-24,292136.0,292.136,cache,VOLUME_LT_THRESHOLD,292.136 張 < 1000 張,False
7823,奧義賽博-KY創,TWSE,COMMON_STOCK,official:twse_main,NORMAL,official:status_feeds,2026-09-24,37865.0,37.865,cache,VOLUME_LT_THRESHOLD,37.865 張 < 1000 張,False
7827,漢康-KY創,TWSE,COMMON_STOCK,official:twse_main,NORMAL,official:status_feeds,2026-09-24,370700.0,370.7,cache,VOLUME_LT_THRESHOLD,370.700 張 < 1000 張,False
7835,永悅健康-創,TWSE,COMMON_STOCK,official:twse_main,NORMAL,official:status_feeds,2026-09-24,33080.0,33.08,cache,VOLUME_LT_THRESHOLD,33.080 張 < 1000 張,False
7855,和運租車,TWSE,COMMON_STOCK,official:twse_main,NORMAL,official:status_feeds,2026-09-24,688907.0,688.907,cache,VOLUME_LT_THRESHOLD,688.907 張 < 1000 張,False
8011,台通,TWSE,COMMON_STOCK,official:twse_main,NORMAL,official:status_feeds,2026-09-24,135271.0,135.271,cache,VOLUME_LT_THRESHOLD,135.271 張 < 1000 張,False
8016,矽創,TWSE,COMMON_STOCK,official:twse_main,NORMAL,official:status_feeds,2026-09-24,323090.0,323.09,cache,VOLUME_LT_THRESHOLD,323.090 張 < 1000 張,False
8021,尖點,TWSE,COMMON_STOCK,official:twse_main,NORMAL,official:status_feeds,2026-09-24,949881.0,949.881,cache,VOLUME_LT_THRESHOLD,949.881 張 < 1000 張,False
8028,昇陽半導體,TWSE,COMMON_STOCK,official:twse_main,NORMAL,official:status_feeds,2026-10-02,5010534.0,5010.534,cache,,,True
8033,雷虎,TWSE,COMMON_STOCK,official:twse_main,NORMAL,official:status_feeds,2026-10-02,1830423.0,1830.423,cache,,,True
8039,台虹,TWSE,COMMON_STOCK,official:twse_main,NORMAL,official:status_feeds,2026-10-02,19171352.0,19171.352,cache,,,True
8045,達運光電,TWSE,COMMON_STOCK,official:twse_main,NORMAL,official:status_feeds,2026-09-24,80890.0,80.89,cache,VOLUME_LT_THRESHOLD,80.890 張 < 1000 張,False
8046,南電,TWSE,COMMON_STOCK,official:twse_main,NORMAL,official:status_feeds,2026-10-02,16705151.0,16705.151,cache,,,True
8070,長華*,TWSE,COMMON_STOCK,official:twse_main,NORMAL,official:status_feeds,2026-09-29,667296.0,667.296,cache,VOLUME_LT_THRESHOLD,667.296 張 < 1000 張,False
8072,陞泰,TWSE,COMMON_STOCK,official:twse_main,NORMAL,official:status_feeds,2026-09-24,740235.0,740.235,cache,VOLUME_LT_THRESHOLD,740.235 張 < 1000 張,False
8081,致新,TWSE,COMMON_STOCK,official:twse_main,NORMAL,official:status_feeds,2026-09-24,224628.0,224.628,cache,VOLUME_LT_THRESHOLD,224.628 張 < 1000 張,False
8101,華冠,TWSE,ETF,official:twse_fund,NORMAL,official:status_feeds,,,,unavailable,PRODUCT_ETF,排除商品類型：ETF,False
8103,瀚荃,TWSE,COMMON_STOCK,official:twse_main,NORMAL,official:status_feeds,2026-10-02,1955142.0,1955.142,cache,,,True
8104,錸寶,TWSE,COMMON_STOCK,official:twse_main,NORMAL,official:status_feeds,2026-09-24,189594.0,189.594,cache,VOLUME_LT_THRESHOLD,189.594 張 < 1000 張,False
8105,凌巨,TWSE,COMMON_STOCK,official:twse_main,NORMAL,official:status_feeds,2026-09-29,988490.0,988.49,cache,VOLUME_LT_THRESHOLD,988.490 張 < 1000 張,False
8110,華東,TWSE,COMMON_STOCK,official:twse_main,NORMAL,official:status_feeds,2026-10-02,9920246.0,9920.246,cache,,,True
8112,至上,TWSE,COMMON_STOCK,official:twse_main,NORMAL,official:status_feeds,2026-10-02,5045893.0,5045.893,cache,,,True
8114,振樺電,TWSE,COMMON_STOCK,official:twse_main,NORMAL,official:status_feeds,2026-09-24,228963.0,228.963,cache,VOLUME_LT_THRESHOLD,228.963 張 < 1000 張,False
8131,福懋科,TWSE,COMMON_STOCK,official:twse_main,NORMAL,official:status_feeds,2026-09-24,792721.0,792.721,cache,VOLUME_LT_THRESHOLD,792.721 張 < 1000 張,False
8150,南茂,TWSE,WARRANT,official:twse_warrant,NORMAL,official:status_feeds,,,,unavailable,PRODUCT_WARRANT,排除商品類型：WARRANT,False
8162,微矽電子-創,TWSE,COMMON_STOCK,official:twse_main,NORMAL,official:status_feeds,2026-09-29,412662.0,412.662,cache,VOLUME_LT_THRESHOLD,412.662 張 < 1000 張,False
8163,達方,TWSE,COMMON_STOCK,official:twse_main,NORMAL,official:status_feeds,2026-09-24,579483.0,579.483,cache,VOLUME_LT_THRESHOLD,579.483 張 < 1000 張,False
8201,無敵,TWSE,COMMON_STOCK,official:twse_main,NORMAL,official:status_feeds,2026-09-24,421852.0,421.852,cache,VOLUME_LT_THRESHOLD,421.852 張 < 1000 張,False
8210,勤誠,TWSE,COMMON_STOCK,official:twse_main,NORMAL,official:status_feeds,2026-09-24,554178.0,554.178,cache,VOLUME_LT_THRESHOLD,554.178 張 < 1000 張,False
8213,志超,TWSE,COMMON_STOCK,official:twse_main,NORMAL,official:status_feeds,2026-09-24,179430.0,179.43,cache,VOLUME_LT_THRESHOLD,179.430 張 < 1000 張,False
8215,明基材,TWSE,COMMON_STOCK,official:twse_main,NORMAL,official:status_feeds,2026-10-02,1925721.0,1925.721,cache,,,True
8222,寶一,TWSE,COMMON_STOCK,official:twse_main,NORMAL,official:status_feeds,2026-09-24,95393.0,95.393,cache,VOLUME_LT_THRESHOLD,95.393 張 < 1000 張,False
8249,菱光,TWSE,COMMON_STOCK,official:twse_main,NORMAL,official:status_feeds,2026-09-24,66852.0,66.852,cache,VOLUME_LT_THRESHOLD,66.852 張 < 1000 張,False
8261,富鼎,TWSE,COMMON_STOCK,official:twse_main,NORMAL,official:status_feeds,2026-10-02,5681906.0,5681.906,cache,,,True
8271,宇瞻,TWSE,COMMON_STOCK,official:twse_main,NORMAL,official:status_feeds,2026-09-24,977099.0,977.099,cache,VOLUME_LT_THRESHOLD,977.099 張 < 1000 張,False
8341,日友,TWSE,COMMON_STOCK,official:twse_main,NORMAL,official:status_feeds,2026-09-24,104313.0,104.313,cache,VOLUME_LT_THRESHOLD,104.313 張 < 1000 張,False
8367,建新國際,TWSE,COMMON_STOCK,official:twse_main,NORMAL,official:status_feeds,2026-09-24,9000.0,9.0,cache,VOLUME_LT_THRESHOLD,9.000 張 < 1000 張,False
8374,羅昇,TWSE,COMMON_STOCK,official:twse_main,NORMAL,official:status_feeds,2026-09-24,147506.0,147.506,cache,VOLUME_LT_THRESHOLD,147.506 張 < 1000 張,False
8404,百和興業-KY,TWSE,COMMON_STOCK,official:twse_main,NORMAL,official:status_feeds,2026-09-24,215582.0,215.582,cache,VOLUME_LT_THRESHOLD,215.582 張 < 1000 張,False
8411,福貞-KY,TWSE,COMMON_STOCK,official:twse_main,NORMAL,official:status_feeds,2026-09-24,238519.0,238.519,cache,VOLUME_LT_THRESHOLD,238.519 張 < 1000 張,False
8422,可寧衛*,TWSE,COMMON_STOCK,official:twse_main,NORMAL,official:status_feeds,2026-10-02,2992277.0,2992.277,cache,,,True
8429,金麗-KY,TWSE,COMMON_STOCK,official:twse_main,NORMAL,official:status_feeds,2026-09-24,91426.0,91.426,cache,VOLUME_LT_THRESHOLD,91.426 張 < 1000 張,False
8438,昶昕,TWSE,COMMON_STOCK,official:twse_main,NORMAL,official:status_feeds,2026-09-24,998074.0,998.074,cache,VOLUME_LT_THRESHOLD,998.074 張 < 1000 張,False
8442,威宏-KY,TWSE,COMMON_STOCK,official:twse_main,NORMAL,official:status_feeds,2026-09-24,73000.0,73.0,cache,VOLUME_LT_THRESHOLD,73.000 張 < 1000 張,False
8443,阿瘦,TWSE,COMMON_STOCK,official:twse_main,NORMAL,official:status_feeds,2026-09-24,8298.0,8.298,cache,VOLUME_LT_THRESHOLD,8.298 張 < 1000 張,False
8454,富邦媒,TWSE,COMMON_STOCK,official:twse_main,NORMAL,official:status_feeds,2026-09-24,246679.0,246.679,cache,VOLUME_LT_THRESHOLD,246.679 張 < 1000 張,False
8462,柏文,TWSE,COMMON_STOCK,official:twse_main,NORMAL,official:status_feeds,2026-09-24,55682.0,55.682,cache,VOLUME_LT_THRESHOLD,55.682 張 < 1000 張,False
8463,潤泰材,TWSE,COMMON_STOCK,official:twse_main,NORMAL,official:status_feeds,2026-09-24,25500.0,25.5,cache,VOLUME_LT_THRESHOLD,25.500 張 < 1000 張,False
8464,億豐,TWSE,COMMON_STOCK,official:twse_main,NORMAL,official:status_feeds,2026-09-24,172907.0,172.907,cache,VOLUME_LT_THRESHOLD,172.907 張 < 1000 張,False
8466,美吉吉-KY,TWSE,COMMON_STOCK,official:twse_main,NORMAL,official:status_feeds,2026-09-24,43346.0,43.346,cache,VOLUME_LT_THRESHOLD,43.346 張 < 1000 張,False
8467,波力-KY,TWSE,COMMON_STOCK,official:twse_main,NORMAL,official:status_feeds,2026-09-24,3123.0,3.123,cache,VOLUME_LT_THRESHOLD,3.123 張 < 1000 張,False
8473,山林水,TWSE,COMMON_STOCK,official:twse_main,NORMAL,official:status_feeds,2026-09-24,270278.0,270.278,cache,VOLUME_LT_THRESHOLD,270.278 張 < 1000 張,False
8476,台境*,TWSE,COMMON_STOCK,official:twse_main,NORMAL,official:status_feeds,2026-09-24,304998.0,304.998,cache,VOLUME_LT_THRESHOLD,304.998 張 < 1000 張,False
8478,東哥遊艇,TWSE,COMMON_STOCK,official:twse_main,NORMAL,official:status_feeds,2026-09-24,67019.0,67.019,cache,VOLUME_LT_THRESHOLD,67.019 張 < 1000 張,False
8481,政伸,TWSE,COMMON_STOCK,official:twse_main,NORMAL,official:status_feeds,2026-09-24,4094.0,4.094,cache,VOLUME_LT_THRESHOLD,4.094 張 < 1000 張,False
8482,商億-KY,TWSE,COMMON_STOCK,official:twse_main,NORMAL,official:status_feeds,2026-09-24,2050.0,2.05,cache,VOLUME_LT_THRESHOLD,2.050 張 < 1000 張,False
8487,愛爾達-創,TWSE,COMMON_STOCK,official:twse_main,NORMAL,official:status_feeds,2026-09-24,4769.0,4.769,cache,VOLUME_LT_THRESHOLD,4.769 張 < 1000 張,False
8488,吉源-KY,TWSE,COMMON_STOCK,official:twse_main,NORMAL,official:status_feeds,2026-09-24,371009.0,371.009,cache,VOLUME_LT_THRESHOLD,371.009 張 < 1000 張,False
8499,鼎炫-KY,TWSE,COMMON_STOCK,official:twse_main,NORMAL,official:status_feeds,2026-09-24,10354.0,10.354,cache,VOLUME_LT_THRESHOLD,10.354 張 < 1000 張,False
8926,台汽電,TWSE,COMMON_STOCK,official:twse_main,NORMAL,official:status_feeds,2026-10-02,1416775.0,1416.775,cache,,,True
8940,新天地,TWSE,COMMON_STOCK,official:twse_main,NORMAL,official:status_feeds,2026-09-24,15223.0,15.223,cache,VOLUME_LT_THRESHOLD,15.223 張 < 1000 張,False
8996,高力,TWSE,COMMON_STOCK,official:twse_main,DISPOSAL,official:disposal,,,,unavailable,STATUS_DISPOSAL,交易狀態：DISPOSAL,False
9103,美德醫療-DR,TWSE,COMMON_STOCK,official:twse_main,NORMAL,official:status_feeds,2026-09-24,265091.0,265.091,cache,VOLUME_LT_THRESHOLD,265.091 張 < 1000 張,False
9105,泰金寶-DR,TWSE,COMMON_STOCK,official:twse_main,NORMAL,official:status_feeds,2026-10-02,9479177.0,9479.177,cache,,,True
9110,越南控-DR,TWSE,COMMON_STOCK,official:twse_main,NORMAL,official:status_feeds,2026-09-24,22000.0,22.0,cache,VOLUME_LT_THRESHOLD,22.000 張 < 1000 張,False
9136,巨騰-DR,TWSE,COMMON_STOCK,official:twse_main,NORMAL,official:status_feeds,2026-09-24,172100.0,172.1,cache,VOLUME_LT_THRESHOLD,172.100 張 < 1000 張,False
9802,鈺齊-KY,TWSE,COMMON_STOCK,official:twse_main,NORMAL,official:status_feeds,2026-09-24,524913.0,524.913,cache,VOLUME_LT_THRESHOLD,524.913 張 < 1000 張,False
9902,台火,TWSE,COMMON_STOCK,official:twse_main,NORMAL,official:status_feeds,2026-09-24,67252.0,67.252,cache,VOLUME_LT_THRESHOLD,67.252 張 < 1000 張,False
9904,寶成,TWSE,COMMON_STOCK,official:twse_main,NORMAL,official:status_feeds,2026-10-02,8170592.0,8170.592,cache,,,True
9905,大華,TWSE,COMMON_STOCK,official:twse_main,NORMAL,official:status_feeds,2026-09-24,52579.0,52.579,cache,VOLUME_LT_THRESHOLD,52.579 張 < 1000 張,False
9906,欣巴巴,TWSE,COMMON_STOCK,official:twse_main,NORMAL,official:status_feeds,2026-09-24,30191.0,30.191,cache,VOLUME_LT_THRESHOLD,30.191 張 < 1000 張,False
9907,統一實,TWSE,COMMON_STOCK,official:twse_main,NORMAL,official:status_feeds,2026-09-24,448732.0,448.732,cache,VOLUME_LT_THRESHOLD,448.732 張 < 1000 張,False
9908,大台北,TWSE,COMMON_STOCK,official:twse_main,NORMAL,official:status_feeds,2026-09-24,69417.0,69.417,cache,VOLUME_LT_THRESHOLD,69.417 張 < 1000 張,False
9910,豐泰,TWSE,COMMON_STOCK,official:twse_main,NORMAL,official:status_feeds,2026-09-24,643314.0,643.314,cache,VOLUME_LT_THRESHOLD,643.314 張 < 1000 張,False
9911,櫻花,TWSE,COMMON_STOCK,official:twse_main,NORMAL,official:status_feeds,2026-09-24,152929.0,152.929,cache,VOLUME_LT_THRESHOLD,152.929 張 < 1000 張,False
9912,偉聯,TWSE,COMMON_STOCK,official:twse_main,NORMAL,official:status_feeds,2026-09-24,7731.0,7.731,cache,VOLUME_LT_THRESHOLD,7.731 張 < 1000 張,False
9914,美利達,TWSE,COMMON_STOCK,official:twse_main,NORMAL,official:status_feeds,2026-10-01,789781.0,789.781,cache,VOLUME_LT_THRESHOLD,789.781 張 < 1000 張,False
9917,中保科,TWSE,COMMON_STOCK,official:twse_main,NORMAL,official:status_feeds,2026-09-24,96786.0,96.786,cache,VOLUME_LT_THRESHOLD,96.786 張 < 1000 張,False
9918,欣天然,TWSE,COMMON_STOCK,official:twse_main,NORMAL,official:status_feeds,2026-09-24,9760.0,9.76,cache,VOLUME_LT_THRESHOLD,9.760 張 < 1000 張,False
9919,康那香,TWSE,COMMON_STOCK,official:twse_main,NORMAL,official:status_feeds,2026-09-24,437689.0,437.689,cache,VOLUME_LT_THRESHOLD,437.689 張 < 1000 張,False
9921,巨大,TWSE,COMMON_STOCK,official:twse_main,NORMAL,official:status_feeds,2026-09-24,646617.0,646.617,cache,VOLUME_LT_THRESHOLD,646.617 張 < 1000 張,False
9924,福興,TWSE,COMMON_STOCK,official:twse_main,NORMAL,official:status_feeds,2026-09-24,39591.0,39.591,cache,VOLUME_LT_THRESHOLD,39.591 張 < 1000 張,False
9925,新保,TWSE,COMMON_STOCK,official:twse_main,NORMAL,official:status_feeds,2026-09-24,207382.0,207.382,cache,VOLUME_LT_THRESHOLD,207.382 張 < 1000 張,False
9926,新海,TWSE,COMMON_STOCK,official:twse_main,NORMAL,official:status_feeds,2026-09-24,5536.0,5.536,cache,VOLUME_LT_THRESHOLD,5.536 張 < 1000 張,False
9927,泰銘,TWSE,COMMON_STOCK,official:twse_main,NORMAL,official:status_feeds,2026-09-24,207769.0,207.769,cache,VOLUME_LT_THRESHOLD,207.769 張 < 1000 張,False
9928,中視,TWSE,COMMON_STOCK,official:twse_main,NORMAL,official:status_feeds,2026-09-24,40105.0,40.105,cache,VOLUME_LT_THRESHOLD,40.105 張 < 1000 張,False
9929,秋雨,TWSE,COMMON_STOCK,official:twse_main,NORMAL,official:status_feeds,2026-09-24,11145.0,11.145,cache,VOLUME_LT_THRESHOLD,11.145 張 < 1000 張,False
9930,中聯資源,TWSE,COMMON_STOCK,official:twse_main,NORMAL,official:status_feeds,2026-09-24,125755.0,125.755,cache,VOLUME_LT_THRESHOLD,125.755 張 < 1000 張,False
9931,欣高,TWSE,COMMON_STOCK,official:twse_main,NORMAL,official:status_feeds,2026-09-24,12246.0,12.246,cache,VOLUME_LT_THRESHOLD,12.246 張 < 1000 張,False
9933,中鼎,TWSE,COMMON_STOCK,official:twse_main,NORMAL,official:status_feeds,2026-10-02,21275998.0,21275.998,cache,,,True
9934,成霖,TWSE,COMMON_STOCK,official:twse_main,NORMAL,official:status_feeds,2026-09-24,176300.0,176.3,cache,VOLUME_LT_THRESHOLD,176.300 張 < 1000 張,False
9935,慶豐富,TWSE,COMMON_STOCK,official:twse_main,NORMAL,official:status_feeds,2026-09-24,62149.0,62.149,cache,VOLUME_LT_THRESHOLD,62.149 張 < 1000 張,False
9937,全國,TWSE,COMMON_STOCK,official:twse_main,NORMAL,official:status_feeds,2026-09-24,12004.0,12.004,cache,VOLUME_LT_THRESHOLD,12.004 張 < 1000 張,False
9938,百和,TWSE,COMMON_STOCK,official:twse_main,NORMAL,official:status_feeds,2026-09-24,694238.0,694.238,cache,VOLUME_LT_THRESHOLD,694.238 張 < 1000 張,False
9939,宏全,TWSE,COMMON_STOCK,official:twse_main,NORMAL,official:status_feeds,2026-09-24,312764.0,312.764,cache,VOLUME_LT_THRESHOLD,312.764 張 < 1000 張,False
9940,信義,TWSE,COMMON_STOCK,official:twse_main,NORMAL,official:status_feeds,2026-09-24,560778.0,560.778,cache,VOLUME_LT_THRESHOLD,560.778 張 < 1000 張,False
9941,裕融,TWSE,COMMON_STOCK,official:twse_main,NORMAL,official:status_feeds,2026-09-24,836717.0,836.717,cache,VOLUME_LT_THRESHOLD,836.717 張 < 1000 張,False
9942,茂順,TWSE,COMMON_STOCK,official:twse_main,NORMAL,official:status_feeds,2026-09-24,43351.0,43.351,cache,VOLUME_LT_THRESHOLD,43.351 張 < 1000 張,False
9943,好樂迪,TWSE,COMMON_STOCK,official:twse_main,NORMAL,official:status_feeds,2026-09-24,36502.0,36.502,cache,VOLUME_LT_THRESHOLD,36.502 張 < 1000 張,False
9944,新麗,TWSE,COMMON_STOCK,official:twse_main,NORMAL,official:status_feeds,2026-09-24,18641.0,18.641,cache,VOLUME_LT_THRESHOLD,18.641 張 < 1000 張,False
9945,潤泰新,TWSE,COMMON_STOCK,official:twse_main,NORMAL,official:status_feeds,2026-10-02,3575449.0,3575.449,cache,,,True
9946,三發地產,TWSE,COMMON_STOCK,official:twse_main,NORMAL,official:status_feeds,2026-09-24,233111.0,233.111,cache,VOLUME_LT_THRESHOLD,233.111 張 < 1000 張,False
9955,佳龍,TWSE,COMMON_STOCK,official:twse_main,NORMAL,official:status_feeds,2026-09-24,138353.0,138.353,cache,VOLUME_LT_THRESHOLD,138.353 張 < 1000 張,False
9958,世紀鋼,TWSE,COMMON_STOCK,official:twse_main,NORMAL,official:status_feeds,2026-09-24,930936.0,930.936,cache,VOLUME_LT_THRESHOLD,930.936 張 < 1000 張,False
1240,茂生農經,TPEx,COMMON_STOCK,official:tpex_main,NORMAL,official:status_feeds,2026-10-02,10000.0,10.0,cache,VOLUME_LT_THRESHOLD,10.000 張 < 1000 張,False
1259,安心,TPEx,COMMON_STOCK,official:tpex_main,NORMAL,official:status_feeds,2026-09-24,40965.0,40.965,cache,VOLUME_LT_THRESHOLD,40.965 張 < 1000 張,False
1264,德麥,TPEx,COMMON_STOCK,official:tpex_main,NORMAL,official:status_feeds,2026-09-24,16377.0,16.377,cache,VOLUME_LT_THRESHOLD,16.377 張 < 1000 張,False
1268,漢來美食,TPEx,COMMON_STOCK,official:tpex_main,NORMAL,official:status_feeds,2026-09-24,16759.0,16.759,cache,VOLUME_LT_THRESHOLD,16.759 張 < 1000 張,False
1294,漢田生技,TPEx,COMMON_STOCK,official:tpex_main,NORMAL,official:status_feeds,2026-09-24,8986.0,8.986,cache,VOLUME_LT_THRESHOLD,8.986 張 < 1000 張,False
1295,生合,TPEx,COMMON_STOCK,official:tpex_main,NORMAL,official:status_feeds,2026-09-24,108932.0,108.932,cache,VOLUME_LT_THRESHOLD,108.932 張 < 1000 張,False
1336,台翰,TPEx,COMMON_STOCK,official:tpex_main,NORMAL,official:status_feeds,2026-09-24,82023.0,82.023,cache,VOLUME_LT_THRESHOLD,82.023 張 < 1000 張,False
1565,精華,TPEx,COMMON_STOCK,official:tpex_main,NORMAL,official:status_feeds,2026-09-24,99851.0,99.851,cache,VOLUME_LT_THRESHOLD,99.851 張 < 1000 張,False
1569,濱川,TPEx,COMMON_STOCK,official:tpex_main,NORMAL,official:status_feeds,2026-10-02,7075333.0,7075.333,cache,,,True
1570,力肯,TPEx,COMMON_STOCK,official:tpex_main,NORMAL,official:status_feeds,2026-09-24,28038.0,28.038,cache,VOLUME_LT_THRESHOLD,28.038 張 < 1000 張,False
1580,新麥,TPEx,COMMON_STOCK,official:tpex_main,NORMAL,official:status_feeds,2026-09-24,24167.0,24.167,cache,VOLUME_LT_THRESHOLD,24.167 張 < 1000 張,False
1584,精剛,TPEx,COMMON_STOCK,official:tpex_main,NORMAL,official:status_feeds,2026-09-24,231211.0,231.211,cache,VOLUME_LT_THRESHOLD,231.211 張 < 1000 張,False
1586,和勤,TPEx,COMMON_STOCK,official:tpex_main,NORMAL,official:status_feeds,2026-09-24,86004.0,86.004,cache,VOLUME_LT_THRESHOLD,86.004 張 < 1000 張,False
1591,駿吉-KY,TPEx,COMMON_STOCK,official:tpex_main,NORMAL,official:status_feeds,2026-09-24,173608.0,173.608,cache,VOLUME_LT_THRESHOLD,173.608 張 < 1000 張,False
1593,祺驊,TPEx,COMMON_STOCK,official:tpex_main,NORMAL,official:status_feeds,2026-09-24,25490.0,25.49,cache,VOLUME_LT_THRESHOLD,25.490 張 < 1000 張,False
1595,川寶,TPEx,COMMON_STOCK,official:tpex_main,NORMAL,official:status_feeds,2026-10-02,2256376.0,2256.376,cache,,,True
1599,宏佳騰,TPEx,COMMON_STOCK,official:tpex_main,NORMAL,official:status_feeds,2026-09-24,5487.0,5.487,cache,VOLUME_LT_THRESHOLD,5.487 張 < 1000 張,False
1742,台蠟,TPEx,COMMON_STOCK,official:tpex_main,NORMAL,official:status_feeds,2026-09-24,55002.0,55.002,cache,VOLUME_LT_THRESHOLD,55.002 張 < 1000 張,False
1777,生泰,TPEx,COMMON_STOCK,official:tpex_main,NORMAL,official:status_feeds,2026-09-24,12115.0,12.115,cache,VOLUME_LT_THRESHOLD,12.115 張 < 1000 張,False
1780,立弘,TPEx,COMMON_STOCK,official:tpex_main,NORMAL,official:status_feeds,2026-09-24,99703.0,99.703,cache,VOLUME_LT_THRESHOLD,99.703 張 < 1000 張,False
1781,合世,TPEx,COMMON_STOCK,official:tpex_main,NORMAL,official:status_feeds,2026-09-24,9012.0,9.012,cache,VOLUME_LT_THRESHOLD,9.012 張 < 1000 張,False
1784,訊聯,TPEx,COMMON_STOCK,official:tpex_main,NORMAL,official:status_feeds,2026-09-24,64361.0,64.361,cache,VOLUME_LT_THRESHOLD,64.361 張 < 1000 張,False
1785,光洋科,TPEx,COMMON_STOCK,official:tpex_main,NORMAL,official:status_feeds,2026-10-02,7507319.0,7507.319,cache,,,True
1788,杏昌,TPEx,COMMON_STOCK,official:tpex_main,NORMAL,official:status_feeds,2026-09-24,12171.0,12.171,cache,VOLUME_LT_THRESHOLD,12.171 張 < 1000 張,False
1796,金穎生技,TPEx,COMMON_STOCK,official:tpex_main,NORMAL,official:status_feeds,2026-09-24,4005.0,4.005,cache,VOLUME_LT_THRESHOLD,4.005 張 < 1000 張,False
1799,易威,TPEx,COMMON_STOCK,official:tpex_main,NORMAL,official:status_feeds,2026-09-24,54875.0,54.875,cache,VOLUME_LT_THRESHOLD,54.875 張 < 1000 張,False
1813,寶利徠,TPEx,COMMON_STOCK,official:tpex_main,NORMAL,official:status_feeds,2026-09-24,6408.0,6.408,cache,VOLUME_LT_THRESHOLD,6.408 張 < 1000 張,False
1815,富喬,TPEx,COMMON_STOCK,official:tpex_main,NORMAL,official:status_feeds,2026-10-02,43203369.0,43203.369,cache,,,True
2035,唐榮,TPEx,COMMON_STOCK,official:tpex_main,NORMAL,official:status_feeds,2026-09-24,1008.0,1.008,cache,VOLUME_LT_THRESHOLD,1.008 張 < 1000 張,False
2061,風青,TPEx,COMMON_STOCK,official:tpex_main,NORMAL,official:status_feeds,2026-10-02,5252626.0,5252.626,cache,,,True
2063,世鎧,TPEx,COMMON_STOCK,official:tpex_main,NORMAL,official:status_feeds,2026-09-24,24047.0,24.047,cache,VOLUME_LT_THRESHOLD,24.047 張 < 1000 張,False
2064,晉椿,TPEx,COMMON_STOCK,official:tpex_main,NORMAL,official:status_feeds,2026-09-24,0.0,0.0,cache,VOLUME_LT_THRESHOLD,0.000 張 < 1000 張,False
2065,世豐,TPEx,COMMON_STOCK,official:tpex_main,NORMAL,official:status_feeds,2026-09-24,51564.0,51.564,cache,VOLUME_LT_THRESHOLD,51.564 張 < 1000 張,False
2066,世德,TPEx,COMMON_STOCK,official:tpex_main,NORMAL,official:status_feeds,2026-09-24,15000.0,15.0,cache,VOLUME_LT_THRESHOLD,15.000 張 < 1000 張,False
2067,嘉鋼,TPEx,COMMON_STOCK,official:tpex_main,ABNORMAL,official:tpex_cmode,,,,unavailable,STATUS_ABNORMAL,交易狀態：ABNORMAL,False
2070,精湛,TPEx,COMMON_STOCK,official:tpex_main,NORMAL,official:status_feeds,2026-09-24,27367.0,27.367,cache,VOLUME_LT_THRESHOLD,27.367 張 < 1000 張,False
2073,雄順,TPEx,COMMON_STOCK,official:tpex_main,NORMAL,official:status_feeds,2026-09-24,130.0,0.13,cache,VOLUME_LT_THRESHOLD,0.130 張 < 1000 張,False
2221,大甲,TPEx,COMMON_STOCK,official:tpex_main,DISPOSAL,official:disposal,,,,unavailable,STATUS_DISPOSAL,交易狀態：DISPOSAL,False
2230,泰茂,TPEx,COMMON_STOCK,official:tpex_main,NORMAL,official:status_feeds,2026-09-24,145196.0,145.196,cache,VOLUME_LT_THRESHOLD,145.196 張 < 1000 張,False
2235,謚源,TPEx,COMMON_STOCK,official:tpex_main,NORMAL,official:status_feeds,2026-09-24,1000.0,1.0,cache,VOLUME_LT_THRESHOLD,1.000 張 < 1000 張,False
2596,綠意,TPEx,COMMON_STOCK,official:tpex_main,NORMAL,official:status_feeds,2026-09-24,112404.0,112.404,cache,VOLUME_LT_THRESHOLD,112.404 張 < 1000 張,False
2640,大車隊,TPEx,COMMON_STOCK,official:tpex_main,NORMAL,official:status_feeds,2026-09-24,30718.0,30.718,cache,VOLUME_LT_THRESHOLD,30.718 張 < 1000 張,False
2641,正德,TPEx,COMMON_STOCK,official:tpex_main,NORMAL,official:status_feeds,2026-09-24,618355.0,618.355,cache,VOLUME_LT_THRESHOLD,618.355 張 < 1000 張,False
2643,捷迅,TPEx,COMMON_STOCK,official:tpex_main,NORMAL,official:status_feeds,2026-09-24,13134.0,13.134,cache,VOLUME_LT_THRESHOLD,13.134 張 < 1000 張,False
2718,全心投控,TPEx,COMMON_STOCK,official:tpex_main,NORMAL,official:status_feeds,2026-09-24,12000.0,12.0,cache,VOLUME_LT_THRESHOLD,12.000 張 < 1000 張,False
2719,燦星旅,TPEx,COMMON_STOCK,official:tpex_main,NORMAL,official:status_feeds,2026-09-24,3000.0,3.0,cache,VOLUME_LT_THRESHOLD,3.000 張 < 1000 張,False
2724,藝舍-KY,TPEx,COMMON_STOCK,official:tpex_main,NORMAL,official:status_feeds,2026-09-24,2295.0,2.295,cache,VOLUME_LT_THRESHOLD,2.295 張 < 1000 張,False
2726,雅茗-KY,TPEx,COMMON_STOCK,official:tpex_main,NORMAL,official:status_feeds,2026-09-24,16000.0,16.0,cache,VOLUME_LT_THRESHOLD,16.000 張 < 1000 張,False
2729,瓦城,TPEx,COMMON_STOCK,official:tpex_main,NORMAL,official:status_feeds,2026-09-24,14537.0,14.537,cache,VOLUME_LT_THRESHOLD,14.537 張 < 1000 張,False
2732,六角,TPEx,COMMON_STOCK,official:tpex_main,NORMAL,official:status_feeds,2026-09-24,26687.0,26.687,cache,VOLUME_LT_THRESHOLD,26.687 張 < 1000 張,False
2734,易飛網,TPEx,COMMON_STOCK,official:tpex_main,NORMAL,official:status_feeds,2026-09-24,26510.0,26.51,cache,VOLUME_LT_THRESHOLD,26.510 張 < 1000 張,False
2736,富野,TPEx,COMMON_STOCK,official:tpex_main,NORMAL,official:status_feeds,2026-09-24,20122.0,20.122,cache,VOLUME_LT_THRESHOLD,20.122 張 < 1000 張,False
2740,華軒,TPEx,COMMON_STOCK,official:tpex_main,NORMAL,official:status_feeds,2026-09-24,2334.0,2.334,cache,VOLUME_LT_THRESHOLD,2.334 張 < 1000 張,False
2743,山富,TPEx,COMMON_STOCK,official:tpex_main,NORMAL,official:status_feeds,2026-09-24,13519.0,13.519,cache,VOLUME_LT_THRESHOLD,13.519 張 < 1000 張,False
2745,五福,TPEx,COMMON_STOCK,official:tpex_main,NORMAL,official:status_feeds,2026-09-24,98389.0,98.389,cache,VOLUME_LT_THRESHOLD,98.389 張 < 1000 張,False
2751,王座,TPEx,COMMON_STOCK,official:tpex_main,NORMAL,official:status_feeds,2026-09-24,2001.0,2.001,cache,VOLUME_LT_THRESHOLD,2.001 張 < 1000 張,False
2752,豆府,TPEx,COMMON_STOCK,official:tpex_main,NORMAL,official:status_feeds,2026-09-24,1676.0,1.676,cache,VOLUME_LT_THRESHOLD,1.676 張 < 1000 張,False
2754,亞洲藏壽司,TPEx,COMMON_STOCK,official:tpex_main,NORMAL,official:status_feeds,2026-09-24,28381.0,28.381,cache,VOLUME_LT_THRESHOLD,28.381 張 < 1000 張,False
2755,揚秦,TPEx,COMMON_STOCK,official:tpex_main,NORMAL,official:status_feeds,2026-09-24,14904.0,14.904,cache,VOLUME_LT_THRESHOLD,14.904 張 < 1000 張,False
2756,聯發國際,TPEx,COMMON_STOCK,official:tpex_main,NORMAL,official:status_feeds,2026-09-24,25300.0,25.3,cache,VOLUME_LT_THRESHOLD,25.300 張 < 1000 張,False
2916,滿心,TPEx,COMMON_STOCK,official:tpex_main,NORMAL,official:status_feeds,2026-09-24,20322.0,20.322,cache,VOLUME_LT_THRESHOLD,20.322 張 < 1000 張,False
2924,宏太-KY,TPEx,COMMON_STOCK,official:tpex_main,NORMAL,official:status_feeds,2026-09-24,1017.0,1.017,cache,VOLUME_LT_THRESHOLD,1.017 張 < 1000 張,False
2926,誠品生活,TPEx,COMMON_STOCK,official:tpex_main,NORMAL,official:status_feeds,2026-09-24,195.0,0.195,cache,VOLUME_LT_THRESHOLD,0.195 張 < 1000 張,False
2937,集雅社,TPEx,COMMON_STOCK,official:tpex_main,NORMAL,official:status_feeds,2026-09-24,0.0,0.0,cache,VOLUME_LT_THRESHOLD,0.000 張 < 1000 張,False
2938,床的世界,TPEx,COMMON_STOCK,official:tpex_main,NORMAL,official:status_feeds,2026-09-24,93393.0,93.393,cache,VOLUME_LT_THRESHOLD,93.393 張 < 1000 張,False
2941,米斯特,TPEx,COMMON_STOCK,official:tpex_main,NORMAL,official:status_feeds,2026-09-24,1000.0,1.0,cache,VOLUME_LT_THRESHOLD,1.000 張 < 1000 張,False
2947,振宇五金,TPEx,COMMON_STOCK,official:tpex_main,NORMAL,official:status_feeds,2026-09-24,146.0,0.146,cache,VOLUME_LT_THRESHOLD,0.146 張 < 1000 張,False
2948,寶陞,TPEx,COMMON_STOCK,official:tpex_main,NORMAL,official:status_feeds,2026-09-24,3000.0,3.0,cache,VOLUME_LT_THRESHOLD,3.000 張 < 1000 張,False
2949,欣新網,TPEx,COMMON_STOCK,official:tpex_main,NORMAL,official:status_feeds,2026-09-24,5000.0,5.0,cache,VOLUME_LT_THRESHOLD,5.000 張 < 1000 張,False
3064,泰偉,TPEx,COMMON_STOCK,official:tpex_main,ABNORMAL,official:tpex_cmode,,,,unavailable,STATUS_ABNORMAL,交易狀態：ABNORMAL,False
3066,李洲,TPEx,COMMON_STOCK,official:tpex_main,NORMAL,official:status_feeds,2026-10-02,983429.0,983.429,cache,VOLUME_LT_THRESHOLD,983.429 張 < 1000 張,False
3067,全域,TPEx,COMMON_STOCK,official:tpex_main,NORMAL,official:status_feeds,2026-09-24,689.0,0.689,cache,VOLUME_LT_THRESHOLD,0.689 張 < 1000 張,False
3071,協禧,TPEx,COMMON_STOCK,official:tpex_main,NORMAL,official:status_feeds,2026-09-24,165027.0,165.027,cache,VOLUME_LT_THRESHOLD,165.027 張 < 1000 張,False
3073,天方能源,TPEx,COMMON_STOCK,official:tpex_main,NORMAL,official:status_feeds,2026-09-24,7331.0,7.331,cache,VOLUME_LT_THRESHOLD,7.331 張 < 1000 張,False
3078,僑威,TPEx,COMMON_STOCK,official:tpex_main,NORMAL,official:status_feeds,2026-09-24,258609.0,258.609,cache,VOLUME_LT_THRESHOLD,258.609 張 < 1000 張,False
3081,聯亞,TPEx,COMMON_STOCK,official:tpex_main,NORMAL,official:status_feeds,2026-10-02,4649434.0,4649.434,cache,,,True
3083,網龍,TPEx,COMMON_STOCK,official:tpex_main,NORMAL,official:status_feeds,2026-09-24,44063.0,44.063,cache,VOLUME_LT_THRESHOLD,44.063 張 < 1000 張,False
3086,華義*,TPEx,COMMON_STOCK,official:tpex_main,NORMAL,official:status_feeds,2026-09-24,101891.0,101.891,cache,VOLUME_LT_THRESHOLD,101.891 張 < 1000 張,False
3088,艾訊,TPEx,COMMON_STOCK,official:tpex_main,NORMAL,official:status_feeds,2026-09-24,451707.0,451.707,cache,VOLUME_LT_THRESHOLD,451.707 張 < 1000 張,False
3093,港建*,TPEx,COMMON_STOCK,official:tpex_main,NORMAL,official:status_feeds,2026-09-24,90302.0,90.302,cache,VOLUME_LT_THRESHOLD,90.302 張 < 1000 張,False
3095,及成,TPEx,COMMON_STOCK,official:tpex_main,NORMAL,official:status_feeds,2026-09-24,65353.0,65.353,cache,VOLUME_LT_THRESHOLD,65.353 張 < 1000 張,False
3105,穩懋,TPEx,COMMON_STOCK,official:tpex_main,NORMAL,official:status_feeds,2026-10-02,28497984.0,28497.984,cache,,,True
3114,好德,TPEx,COMMON_STOCK,official:tpex_main,NORMAL,official:status_feeds,2026-09-24,878955.0,878.955,cache,VOLUME_LT_THRESHOLD,878.955 張 < 1000 張,False
3115,富榮綱,TPEx,COMMON_STOCK,official:tpex_main,NORMAL,official:status_feeds,2026-09-24,70014.0,70.014,cache,VOLUME_LT_THRESHOLD,70.014 張 < 1000 張,False
3118,進階,TPEx,COMMON_STOCK,official:tpex_main,NORMAL,official:status_feeds,2026-09-24,33824.0,33.824,cache,VOLUME_LT_THRESHOLD,33.824 張 < 1000 張,False
3122,笙泉,TPEx,COMMON_STOCK,official:tpex_main,NORMAL,official:status_feeds,2026-09-24,14717.0,14.717,cache,VOLUME_LT_THRESHOLD,14.717 張 < 1000 張,False
3128,昇銳,TPEx,COMMON_STOCK,official:tpex_main,NORMAL,official:status_feeds,2026-09-24,36384.0,36.384,cache,VOLUME_LT_THRESHOLD,36.384 張 < 1000 張,False
3131,弘塑,TPEx,COMMON_STOCK,official:tpex_main,NORMAL,official:status_feeds,2026-09-24,190861.0,190.861,cache,VOLUME_LT_THRESHOLD,190.861 張 < 1000 張,False
3141,晶宏,TPEx,COMMON_STOCK,official:tpex_main,NORMAL,official:status_feeds,2026-10-02,2461821.0,2461.821,cache,,,True
3147,大綜,TPEx,COMMON_STOCK,official:tpex_main,NORMAL,official:status_feeds,2026-10-02,2172348.0,2172.348,cache,,,True
3152,璟德,TPEx,COMMON_STOCK,official:tpex_main,NORMAL,official:status_feeds,2026-09-24,306279.0,306.279,cache,VOLUME_LT_THRESHOLD,306.279 張 < 1000 張,False
3158,嘉實,TPEx,COMMON_STOCK,official:tpex_main,NORMAL,official:status_feeds,2026-09-24,14526.0,14.526,cache,VOLUME_LT_THRESHOLD,14.526 張 < 1000 張,False
3162,精確,TPEx,COMMON_STOCK,official:tpex_main,NORMAL,official:status_feeds,2026-09-24,657539.0,657.539,cache,VOLUME_LT_THRESHOLD,657.539 張 < 1000 張,False
3163,波若威,TPEx,COMMON_STOCK,official:tpex_main,NORMAL,official:status_feeds,2026-09-24,832032.0,832.032,cache,VOLUME_LT_THRESHOLD,832.032 張 < 1000 張,False
3169,亞信,TPEx,COMMON_STOCK,official:tpex_main,NORMAL,official:status_feeds,2026-10-02,297145.0,297.145,cache,VOLUME_LT_THRESHOLD,297.145 張 < 1000 張,False
3171,炎洲流通,TPEx,COMMON_STOCK,official:tpex_main,NORMAL,official:status_feeds,2026-09-24,3130.0,3.13,cache,VOLUME_LT_THRESHOLD,3.130 張 < 1000 張,False
3176,基亞,TPEx,COMMON_STOCK,official:tpex_main,NORMAL,official:status_feeds,2026-09-24,604047.0,604.047,cache,VOLUME_LT_THRESHOLD,604.047 張 < 1000 張,False
3178,公準,TPEx,COMMON_STOCK,official:tpex_main,NORMAL,official:status_feeds,2026-09-24,645203.0,645.203,cache,VOLUME_LT_THRESHOLD,645.203 張 < 1000 張,False
3188,鑫龍騰,TPEx,COMMON_STOCK,official:tpex_main,NORMAL,official:status_feeds,2026-09-24,56065.0,56.065,cache,VOLUME_LT_THRESHOLD,56.065 張 < 1000 張,False
3191,雲嘉南,TPEx,COMMON_STOCK,official:tpex_main,NORMAL,official:status_feeds,2026-09-24,13145.0,13.145,cache,VOLUME_LT_THRESHOLD,13.145 張 < 1000 張,False
3205,佰研,TPEx,COMMON_STOCK,official:tpex_main,NORMAL,official:status_feeds,2026-09-24,9103.0,9.103,cache,VOLUME_LT_THRESHOLD,9.103 張 < 1000 張,False
3206,志豐,TPEx,COMMON_STOCK,official:tpex_main,NORMAL,official:status_feeds,2026-09-24,19757.0,19.757,cache,VOLUME_LT_THRESHOLD,19.757 張 < 1000 張,False
3207,耀勝,TPEx,COMMON_STOCK,official:tpex_main,NORMAL,official:status_feeds,2026-09-24,17784.0,17.784,cache,VOLUME_LT_THRESHOLD,17.784 張 < 1000 張,False
3211,順達,TPEx,COMMON_STOCK,official:tpex_main,NORMAL,official:status_feeds,2026-10-02,2962147.0,2962.147,cache,,,True
3213,茂訊,TPEx,COMMON_STOCK,official:tpex_main,NORMAL,official:status_feeds,2026-09-24,100300.0,100.3,cache,VOLUME_LT_THRESHOLD,100.300 張 < 1000 張,False
3217,優群,TPEx,COMMON_STOCK,official:tpex_main,NORMAL,official:status_feeds,2026-09-24,69335.0,69.335,cache,VOLUME_LT_THRESHOLD,69.335 張 < 1000 張,False
3218,大學光,TPEx,COMMON_STOCK,official:tpex_main,NORMAL,official:status_feeds,2026-09-24,358874.0,358.874,cache,VOLUME_LT_THRESHOLD,358.874 張 < 1000 張,False
3219,倚強科,TPEx,COMMON_STOCK,official:tpex_main,DISPOSAL,official:disposal,,,,unavailable,STATUS_DISPOSAL,交易狀態：DISPOSAL,False
3221,台嘉碩,TPEx,COMMON_STOCK,official:tpex_main,NORMAL,official:status_feeds,2026-10-02,12921712.0,12921.712,cache,,,True
3224,三顧,TPEx,COMMON_STOCK,official:tpex_main,NORMAL,official:status_feeds,2026-09-24,23033.0,23.033,cache,VOLUME_LT_THRESHOLD,23.033 張 < 1000 張,False
3226,龍鋒,TPEx,COMMON_STOCK,official:tpex_main,NORMAL,official:status_feeds,2026-09-24,34118.0,34.118,cache,VOLUME_LT_THRESHOLD,34.118 張 < 1000 張,False
3227,原相,TPEx,COMMON_STOCK,official:tpex_main,NORMAL,official:status_feeds,2026-09-24,368165.0,368.165,cache,VOLUME_LT_THRESHOLD,368.165 張 < 1000 張,False
3228,金麗科,TPEx,COMMON_STOCK,official:tpex_main,NORMAL,official:status_feeds,2026-09-24,206081.0,206.081,cache,VOLUME_LT_THRESHOLD,206.081 張 < 1000 張,False
3230,錦明,TPEx,COMMON_STOCK,official:tpex_main,NORMAL,official:status_feeds,2026-09-24,641044.0,641.044,cache,VOLUME_LT_THRESHOLD,641.044 張 < 1000 張,False
3232,昱捷,TPEx,COMMON_STOCK,official:tpex_main,NORMAL,official:status_feeds,2026-09-24,12261.0,12.261,cache,VOLUME_LT_THRESHOLD,12.261 張 < 1000 張,False
3234,光環,TPEx,COMMON_STOCK,official:tpex_main,NORMAL,official:status_feeds,2026-10-02,4388524.0,4388.524,cache,,,True
3236,千如,TPEx,COMMON_STOCK,official:tpex_main,NORMAL,official:status_feeds,2026-10-02,9988999.0,9988.999,cache,,,True
3252,海灣,TPEx,COMMON_STOCK,official:tpex_main,NORMAL,official:status_feeds,2026-09-24,2003.0,2.003,cache,VOLUME_LT_THRESHOLD,2.003 張 < 1000 張,False
3259,鑫創,TPEx,COMMON_STOCK,official:tpex_main,ABNORMAL,official:tpex_cmode,,,,unavailable,STATUS_ABNORMAL,交易狀態：ABNORMAL,False
3260,威剛,TPEx,COMMON_STOCK,official:tpex_main,NORMAL,official:status_feeds,2026-10-02,3938729.0,3938.729,cache,,,True
3264,欣銓,TPEx,COMMON_STOCK,official:tpex_main,NORMAL,official:status_feeds,2026-10-02,11871383.0,11871.383,cache,,,True
3265,台星科,TPEx,COMMON_STOCK,official:tpex_main,NORMAL,official:status_feeds,2026-10-02,1625898.0,1625.898,cache,,,True
3268,海德威,TPEx,COMMON_STOCK,official:tpex_main,NORMAL,official:status_feeds,2026-09-24,50241.0,50.241,cache,VOLUME_LT_THRESHOLD,50.241 張 < 1000 張,False
3272,東碩,TPEx,COMMON_STOCK,official:tpex_main,NORMAL,official:status_feeds,2026-09-24,10912.0,10.912,cache,VOLUME_LT_THRESHOLD,10.912 張 < 1000 張,False
3276,宇環,TPEx,COMMON_STOCK,official:tpex_main,NORMAL,official:status_feeds,2026-09-24,41281.0,41.281,cache,VOLUME_LT_THRESHOLD,41.281 張 < 1000 張,False
3284,太普高,TPEx,COMMON_STOCK,official:tpex_main,NORMAL,official:status_feeds,2026-09-24,111611.0,111.611,cache,VOLUME_LT_THRESHOLD,111.611 張 < 1000 張,False
3285,微端,TPEx,COMMON_STOCK,official:tpex_main,NORMAL,official:status_feeds,2026-09-24,26477.0,26.477,cache,VOLUME_LT_THRESHOLD,26.477 張 < 1000 張,False
3287,廣寰科,TPEx,COMMON_STOCK,official:tpex_main,NORMAL,official:status_feeds,2026-09-24,476119.0,476.119,cache,VOLUME_LT_THRESHOLD,476.119 張 < 1000 張,False
3288,點晶,TPEx,COMMON_STOCK,official:tpex_main,NORMAL,official:status_feeds,2026-09-24,97505.0,97.505,cache,VOLUME_LT_THRESHOLD,97.505 張 < 1000 張,False
3289,宜特,TPEx,COMMON_STOCK,official:tpex_main,NORMAL,official:status_feeds,2026-09-24,537432.0,537.432,cache,VOLUME_LT_THRESHOLD,537.432 張 < 1000 張,False
3290,東浦,TPEx,COMMON_STOCK,official:tpex_main,NORMAL,official:status_feeds,2026-09-24,244536.0,244.536,cache,VOLUME_LT_THRESHOLD,244.536 張 < 1000 張,False
3293,鈊象,TPEx,COMMON_STOCK,official:tpex_main,NORMAL,official:status_feeds,2026-10-02,3086330.0,3086.33,cache,,,True
3294,英濟,TPEx,COMMON_STOCK,official:tpex_main,NORMAL,official:status_feeds,2026-10-02,536471.0,536.471,cache,VOLUME_LT_THRESHOLD,536.471 張 < 1000 張,False
3297,杭特,TPEx,COMMON_STOCK,official:tpex_main,NORMAL,official:status_feeds,2026-09-24,908767.0,908.767,cache,VOLUME_LT_THRESHOLD,908.767 張 < 1000 張,False
3303,岱稜,TPEx,COMMON_STOCK,official:tpex_main,NORMAL,official:status_feeds,2026-09-24,93092.0,93.092,cache,VOLUME_LT_THRESHOLD,93.092 張 < 1000 張,False
3306,鼎天,TPEx,COMMON_STOCK,official:tpex_main,NORMAL,official:status_feeds,2026-09-24,24392.0,24.392,cache,VOLUME_LT_THRESHOLD,24.392 張 < 1000 張,False
3310,佳穎,TPEx,COMMON_STOCK,official:tpex_main,NORMAL,official:status_feeds,2026-09-24,8022.0,8.022,cache,VOLUME_LT_THRESHOLD,8.022 張 < 1000 張,False
3313,斐成,TPEx,COMMON_STOCK,official:tpex_main,NORMAL,official:status_feeds,2026-09-24,36204.0,36.204,cache,VOLUME_LT_THRESHOLD,36.204 張 < 1000 張,False
3317,尼克森,TPEx,COMMON_STOCK,official:tpex_main,NORMAL,official:status_feeds,2026-10-02,1845850.0,1845.85,cache,,,True
3322,建舜電,TPEx,COMMON_STOCK,official:tpex_main,NORMAL,official:status_feeds,2026-09-24,123934.0,123.934,cache,VOLUME_LT_THRESHOLD,123.934 張 < 1000 張,False
3323,加百裕,TPEx,COMMON_STOCK,official:tpex_main,NORMAL,official:status_feeds,2026-09-24,102051.0,102.051,cache,VOLUME_LT_THRESHOLD,102.051 張 < 1000 張,False
3324,雙鴻,TPEx,COMMON_STOCK,official:tpex_main,NORMAL,official:status_feeds,2026-10-02,3523532.0,3523.532,cache,,,True
3325,旭品,TPEx,COMMON_STOCK,official:tpex_main,NORMAL,official:status_feeds,2026-09-24,42888.0,42.888,cache,VOLUME_LT_THRESHOLD,42.888 張 < 1000 張,False
3332,幸康,TPEx,COMMON_STOCK,official:tpex_main,NORMAL,official:status_feeds,2026-09-24,11050.0,11.05,cache,VOLUME_LT_THRESHOLD,11.050 張 < 1000 張,False
3339,泰谷,TPEx,COMMON_STOCK,official:tpex_main,NORMAL,official:status_feeds,2026-10-02,2442015.0,2442.015,cache,,,True
3349,寶德,TPEx,COMMON_STOCK,official:tpex_main,NORMAL,official:status_feeds,2026-09-24,48261.0,48.261,cache,VOLUME_LT_THRESHOLD,48.261 張 < 1000 張,False
3354,律勝,TPEx,COMMON_STOCK,official:tpex_main,NORMAL,official:status_feeds,2026-09-29,761467.0,761.467,cache,VOLUME_LT_THRESHOLD,761.467 張 < 1000 張,False
3357,臺慶科,TPEx,COMMON_STOCK,official:tpex_main,NORMAL,official:status_feeds,2026-09-24,812200.0,812.2,cache,VOLUME_LT_THRESHOLD,812.200 張 < 1000 張,False
3360,尚立,TPEx,COMMON_STOCK,official:tpex_main,NORMAL,official:status_feeds,2026-09-24,128015.0,128.015,cache,VOLUME_LT_THRESHOLD,128.015 張 < 1000 張,False
3362,先進光,TPEx,COMMON_STOCK,official:tpex_main,NORMAL,official:status_feeds,2026-10-02,1669217.0,1669.217,cache,,,True
3363,上詮,TPEx,COMMON_STOCK,official:tpex_main,NORMAL,official:status_feeds,2026-10-02,3799707.0,3799.707,cache,,,True
3372,典範,TPEx,COMMON_STOCK,official:tpex_main,NORMAL,official:status_feeds,2026-09-24,253727.0,253.727,cache,VOLUME_LT_THRESHOLD,253.727 張 < 1000 張,False
3373,熱映,TPEx,COMMON_STOCK,official:tpex_main,NORMAL,official:status_feeds,2026-09-24,20251.0,20.251,cache,VOLUME_LT_THRESHOLD,20.251 張 < 1000 張,False
3374,精材,TPEx,COMMON_STOCK,official:tpex_main,DISPOSAL,official:disposal,,,,unavailable,STATUS_DISPOSAL,交易狀態：DISPOSAL,False
3379,彬台,TPEx,COMMON_STOCK,official:tpex_main,NORMAL,official:status_feeds,2026-09-24,17148.0,17.148,cache,VOLUME_LT_THRESHOLD,17.148 張 < 1000 張,False
3388,崇越電,TPEx,COMMON_STOCK,official:tpex_main,NORMAL,official:status_feeds,2026-09-24,254234.0,254.234,cache,VOLUME_LT_THRESHOLD,254.234 張 < 1000 張,False
3390,旭軟,TPEx,COMMON_STOCK,official:tpex_main,NORMAL,official:status_feeds,2026-09-24,85302.0,85.302,cache,VOLUME_LT_THRESHOLD,85.302 張 < 1000 張,False
3402,漢科,TPEx,COMMON_STOCK,official:tpex_main,NORMAL,official:status_feeds,2026-09-24,183694.0,183.694,cache,VOLUME_LT_THRESHOLD,183.694 張 < 1000 張,False
3430,奇鈦科,TPEx,COMMON_STOCK,official:tpex_main,NORMAL,official:status_feeds,2026-10-02,830951.0,830.951,cache,VOLUME_LT_THRESHOLD,830.951 張 < 1000 張,False
3434,哲固,TPEx,COMMON_STOCK,official:tpex_main,NORMAL,official:status_feeds,2026-09-24,117062.0,117.062,cache,VOLUME_LT_THRESHOLD,117.062 張 < 1000 張,False
3438,類比科,TPEx,COMMON_STOCK,official:tpex_main,NORMAL,official:status_feeds,2026-09-24,69101.0,69.101,cache,VOLUME_LT_THRESHOLD,69.101 張 < 1000 張,False
3441,聯一光,TPEx,COMMON_STOCK,official:tpex_main,NORMAL,official:status_feeds,2026-09-24,598665.0,598.665,cache,VOLUME_LT_THRESHOLD,598.665 張 < 1000 張,False
3444,利機,TPEx,COMMON_STOCK,official:tpex_main,NORMAL,official:status_feeds,2026-09-24,74822.0,74.822,cache,VOLUME_LT_THRESHOLD,74.822 張 < 1000 張,False
3455,由田,TPEx,COMMON_STOCK,official:tpex_main,NORMAL,official:status_feeds,2026-10-02,6578410.0,6578.41,cache,,,True
3465,進泰電子,TPEx,COMMON_STOCK,official:tpex_main,NORMAL,official:status_feeds,2026-09-24,42000.0,42.0,cache,VOLUME_LT_THRESHOLD,42.000 張 < 1000 張,False
3466,德晉,TPEx,COMMON_STOCK,official:tpex_main,NORMAL,official:status_feeds,2026-09-24,128307.0,128.307,cache,VOLUME_LT_THRESHOLD,128.307 張 < 1000 張,False
3467,台灣精材,TPEx,COMMON_STOCK,official:tpex_main,NORMAL,official:status_feeds,2026-09-24,635626.0,635.626,cache,VOLUME_LT_THRESHOLD,635.626 張 < 1000 張,False
3479,安勤,TPEx,COMMON_STOCK,official:tpex_main,NORMAL,official:status_feeds,2026-10-02,405511.0,405.511,cache,VOLUME_LT_THRESHOLD,405.511 張 < 1000 張,False
3483,力致,TPEx,COMMON_STOCK,official:tpex_main,NORMAL,official:status_feeds,2026-09-24,207667.0,207.667,cache,VOLUME_LT_THRESHOLD,207.667 張 < 1000 張,False
3484,崧騰,TPEx,COMMON_STOCK,official:tpex_main,NORMAL,official:status_feeds,2026-09-24,71252.0,71.252,cache,VOLUME_LT_THRESHOLD,71.252 張 < 1000 張,False
3485,敘豐,TPEx,COMMON_STOCK,official:tpex_main,NORMAL,official:status_feeds,2026-09-24,61877.0,61.877,cache,VOLUME_LT_THRESHOLD,61.877 張 < 1000 張,False
3489,森寶,TPEx,COMMON_STOCK,official:tpex_main,NORMAL,official:status_feeds,2026-09-24,63040.0,63.04,cache,VOLUME_LT_THRESHOLD,63.040 張 < 1000 張,False
3490,單井,TPEx,COMMON_STOCK,official:tpex_main,NORMAL,official:status_feeds,2026-10-02,18648176.0,18648.176,cache,,,True
3491,昇達科,TPEx,COMMON_STOCK,official:tpex_main,NORMAL,official:status_feeds,2026-09-24,895900.0,895.9,cache,VOLUME_LT_THRESHOLD,895.900 張 < 1000 張,False
3492,長盛,TPEx,COMMON_STOCK,official:tpex_main,NORMAL,official:status_feeds,2026-09-24,10153.0,10.153,cache,VOLUME_LT_THRESHOLD,10.153 張 < 1000 張,False
3498,陽程,TPEx,COMMON_STOCK,official:tpex_main,NORMAL,official:status_feeds,2026-10-02,3040721.0,3040.721,cache,,,True
3499,環天科,TPEx,COMMON_STOCK,official:tpex_main,NORMAL,official:status_feeds,2026-09-24,28313.0,28.313,cache,VOLUME_LT_THRESHOLD,28.313 張 < 1000 張,False
3508,位速,TPEx,COMMON_STOCK,official:tpex_main,NORMAL,official:status_feeds,2026-09-24,624893.0,624.893,cache,VOLUME_LT_THRESHOLD,624.893 張 < 1000 張,False
3511,矽瑪,TPEx,COMMON_STOCK,official:tpex_main,NORMAL,official:status_feeds,2026-09-24,95906.0,95.906,cache,VOLUME_LT_THRESHOLD,95.906 張 < 1000 張,False
3512,皇龍,TPEx,COMMON_STOCK,official:tpex_main,NORMAL,official:status_feeds,2026-09-24,18217.0,18.217,cache,VOLUME_LT_THRESHOLD,18.217 張 < 1000 張,False
3516,亞帝歐,TPEx,COMMON_STOCK,official:tpex_main,NORMAL,official:status_feeds,2026-09-24,13247.0,13.247,cache,VOLUME_LT_THRESHOLD,13.247 張 < 1000 張,False
3520,華盈,TPEx,COMMON_STOCK,official:tpex_main,NORMAL,official:status_feeds,2026-09-24,48100.0,48.1,cache,VOLUME_LT_THRESHOLD,48.100 張 < 1000 張,False
3521,台鋼建設,TPEx,COMMON_STOCK,official:tpex_main,NORMAL,official:status_feeds,2026-09-24,10118.0,10.118,cache,VOLUME_LT_THRESHOLD,10.118 張 < 1000 張,False
3522,御嵿,TPEx,COMMON_STOCK,official:tpex_main,NORMAL,official:status_feeds,2026-09-24,105870.0,105.87,cache,VOLUME_LT_THRESHOLD,105.870 張 < 1000 張,False
3523,迎輝,TPEx,COMMON_STOCK,official:tpex_main,NORMAL,official:status_feeds,2026-09-24,16674.0,16.674,cache,VOLUME_LT_THRESHOLD,16.674 張 < 1000 張,False
3526,凡甲,TPEx,COMMON_STOCK,official:tpex_main,NORMAL,official:status_feeds,2026-09-24,81172.0,81.172,cache,VOLUME_LT_THRESHOLD,81.172 張 < 1000 張,False
3527,聚積,TPEx,COMMON_STOCK,official:tpex_main,NORMAL,official:status_feeds,2026-09-24,26787.0,26.787,cache,VOLUME_LT_THRESHOLD,26.787 張 < 1000 張,False
3529,力旺,TPEx,COMMON_STOCK,official:tpex_main,NORMAL,official:status_feeds,2026-10-02,936184.0,936.184,cache,VOLUME_LT_THRESHOLD,936.184 張 < 1000 張,False
3531,先益,TPEx,COMMON_STOCK,official:tpex_main,NORMAL,official:status_feeds,2026-09-24,13380.0,13.38,cache,VOLUME_LT_THRESHOLD,13.380 張 < 1000 張,False
3537,堡達,TPEx,COMMON_STOCK,official:tpex_main,NORMAL,official:status_feeds,2026-09-24,135772.0,135.772,cache,VOLUME_LT_THRESHOLD,135.772 張 < 1000 張,False
3540,曜越,TPEx,COMMON_STOCK,official:tpex_main,NORMAL,official:status_feeds,2026-09-24,70803.0,70.803,cache,VOLUME_LT_THRESHOLD,70.803 張 < 1000 張,False
3541,西柏,TPEx,COMMON_STOCK,official:tpex_main,NORMAL,official:status_feeds,2026-09-24,99390.0,99.39,cache,VOLUME_LT_THRESHOLD,99.390 張 < 1000 張,False
3546,宇峻,TPEx,COMMON_STOCK,official:tpex_main,NORMAL,official:status_feeds,2026-09-24,85271.0,85.271,cache,VOLUME_LT_THRESHOLD,85.271 張 < 1000 張,False
3548,兆利,TPEx,COMMON_STOCK,official:tpex_main,NORMAL,official:status_feeds,2026-09-24,149639.0,149.639,cache,VOLUME_LT_THRESHOLD,149.639 張 < 1000 張,False
3551,世禾,TPEx,COMMON_STOCK,official:tpex_main,NORMAL,official:status_feeds,2026-09-24,394744.0,394.744,cache,VOLUME_LT_THRESHOLD,394.744 張 < 1000 張,False
3552,同致,TPEx,COMMON_STOCK,official:tpex_main,NORMAL,official:status_feeds,2026-10-02,845623.0,845.623,cache,VOLUME_LT_THRESHOLD,845.623 張 < 1000 張,False
3555,博士旺,TPEx,COMMON_STOCK,official:tpex_main,NORMAL,official:status_feeds,2026-09-24,71305.0,71.305,cache,VOLUME_LT_THRESHOLD,71.305 張 < 1000 張,False
3556,禾瑞亞,TPEx,COMMON_STOCK,official:tpex_main,NORMAL,official:status_feeds,2026-09-24,74032.0,74.032,cache,VOLUME_LT_THRESHOLD,74.032 張 < 1000 張,False
3558,神準,TPEx,COMMON_STOCK,official:tpex_main,NORMAL,official:status_feeds,2026-09-24,59939.0,59.939,cache,VOLUME_LT_THRESHOLD,59.939 張 < 1000 張,False
3564,其陽,TPEx,COMMON_STOCK,official:tpex_main,NORMAL,official:status_feeds,2026-09-24,335512.0,335.512,cache,VOLUME_LT_THRESHOLD,335.512 張 < 1000 張,False
3567,逸昌,TPEx,COMMON_STOCK,official:tpex_main,NORMAL,official:status_feeds,2026-09-24,255146.0,255.146,cache,VOLUME_LT_THRESHOLD,255.146 張 < 1000 張,False
3570,大塚,TPEx,COMMON_STOCK,official:tpex_main,NORMAL,official:status_feeds,2026-09-24,9448.0,9.448,cache,VOLUME_LT_THRESHOLD,9.448 張 < 1000 張,False
3577,泓格,TPEx,COMMON_STOCK,official:tpex_main,NORMAL,official:status_feeds,2026-09-24,118471.0,118.471,cache,VOLUME_LT_THRESHOLD,118.471 張 < 1000 張,False
3580,友威科,TPEx,COMMON_STOCK,official:tpex_main,NORMAL,official:status_feeds,2026-10-02,752500.0,752.5,cache,VOLUME_LT_THRESHOLD,752.500 張 < 1000 張,False
3581,博磊,TPEx,COMMON_STOCK,official:tpex_main,NORMAL,official:status_feeds,2026-09-24,228386.0,228.386,cache,VOLUME_LT_THRESHOLD,228.386 張 < 1000 張,False
3587,閎康,TPEx,COMMON_STOCK,official:tpex_main,NORMAL,official:status_feeds,2026-09-24,192174.0,192.174,cache,VOLUME_LT_THRESHOLD,192.174 張 < 1000 張,False
3594,磐儀,TPEx,COMMON_STOCK,official:tpex_main,NORMAL,official:status_feeds,2026-09-24,118334.0,118.334,cache,VOLUME_LT_THRESHOLD,118.334 張 < 1000 張,False
3597,映興,TPEx,COMMON_STOCK,official:tpex_main,NORMAL,official:status_feeds,2026-09-24,79930.0,79.93,cache,VOLUME_LT_THRESHOLD,79.930 張 < 1000 張,False
3609,三一東林,TPEx,COMMON_STOCK,official:tpex_main,NORMAL,official:status_feeds,2026-09-24,42040.0,42.04,cache,VOLUME_LT_THRESHOLD,42.040 張 < 1000 張,False
3611,鼎翰,TPEx,COMMON_STOCK,official:tpex_main,NORMAL,official:status_feeds,2026-09-24,10272.0,10.272,cache,VOLUME_LT_THRESHOLD,10.272 張 < 1000 張,False
3615,安可,TPEx,COMMON_STOCK,official:tpex_main,NORMAL,official:status_feeds,2026-09-24,853277.0,853.277,cache,VOLUME_LT_THRESHOLD,853.277 張 < 1000 張,False
3623,富晶通,TPEx,COMMON_STOCK,official:tpex_main,NORMAL,official:status_feeds,2026-09-24,149485.0,149.485,cache,VOLUME_LT_THRESHOLD,149.485 張 < 1000 張,False
3624,光頡,TPEx,COMMON_STOCK,official:tpex_main,NORMAL,official:status_feeds,2026-10-02,40514443.0,40514.443,cache,,,True
3625,西勝,TPEx,COMMON_STOCK,official:tpex_main,ABNORMAL,official:tpex_cmode,,,,unavailable,STATUS_ABNORMAL,交易狀態：ABNORMAL,False
3628,盈正,TPEx,COMMON_STOCK,official:tpex_main,NORMAL,official:status_feeds,2026-09-24,49396.0,49.396,cache,VOLUME_LT_THRESHOLD,49.396 張 < 1000 張,False
3629,地心引力,TPEx,COMMON_STOCK,official:tpex_main,ABNORMAL,official:tpex_cmode,,,,unavailable,STATUS_ABNORMAL,交易狀態：ABNORMAL,False
3630,新鉅科,TPEx,COMMON_STOCK,official:tpex_main,NORMAL,official:status_feeds,2026-09-24,755172.0,755.172,cache,VOLUME_LT_THRESHOLD,755.172 張 < 1000 張,False
3631,晟楠,TPEx,COMMON_STOCK,official:tpex_main,NORMAL,official:status_feeds,2026-09-24,97826.0,97.826,cache,VOLUME_LT_THRESHOLD,97.826 張 < 1000 張,False
3632,研勤,TPEx,COMMON_STOCK,official:tpex_main,ABNORMAL,official:tpex_cmode,,,,unavailable,STATUS_ABNORMAL,交易狀態：ABNORMAL,False
3646,艾恩特,TPEx,COMMON_STOCK,official:tpex_main,NORMAL,official:status_feeds,2026-09-24,6221.0,6.221,cache,VOLUME_LT_THRESHOLD,6.221 張 < 1000 張,False
3663,鑫科,TPEx,COMMON_STOCK,official:tpex_main,NORMAL,official:status_feeds,2026-09-24,339803.0,339.803,cache,VOLUME_LT_THRESHOLD,339.803 張 < 1000 張,False
3664,安瑞-KY,TPEx,COMMON_STOCK,official:tpex_main,ABNORMAL,official:tpex_cmode,,,,unavailable,STATUS_ABNORMAL,交易狀態：ABNORMAL,False
3666,光耀,TPEx,COMMON_STOCK,official:tpex_main,NORMAL,official:status_feeds,2026-09-24,9036.0,9.036,cache,VOLUME_LT_THRESHOLD,9.036 張 < 1000 張,False
3672,康聯訊,TPEx,COMMON_STOCK,official:tpex_main,NORMAL,official:status_feeds,2026-09-24,178451.0,178.451,cache,VOLUME_LT_THRESHOLD,178.451 張 < 1000 張,False
3675,德微,TPEx,COMMON_STOCK,official:tpex_main,NORMAL,official:status_feeds,2026-10-02,2978578.0,2978.578,cache,,,True
3680,家登,TPEx,COMMON_STOCK,official:tpex_main,NORMAL,official:status_feeds,2026-10-02,787906.0,787.906,cache,VOLUME_LT_THRESHOLD,787.906 張 < 1000 張,False
3684,榮昌,TPEx,COMMON_STOCK,official:tpex_main,NORMAL,official:status_feeds,2026-09-24,2336.0,2.336,cache,VOLUME_LT_THRESHOLD,2.336 張 < 1000 張,False
3685,元創精密,TPEx,COMMON_STOCK,official:tpex_main,NORMAL,official:status_feeds,2026-09-24,263357.0,263.357,cache,VOLUME_LT_THRESHOLD,263.357 張 < 1000 張,False
3687,歐買尬,TPEx,COMMON_STOCK,official:tpex_main,NORMAL,official:status_feeds,2026-09-24,48271.0,48.271,cache,VOLUME_LT_THRESHOLD,48.271 張 < 1000 張,False
3689,湧德,TPEx,COMMON_STOCK,official:tpex_main,NORMAL,official:status_feeds,2026-09-24,406767.0,406.767,cache,VOLUME_LT_THRESHOLD,406.767 張 < 1000 張,False
3691,碩禾,TPEx,COMMON_STOCK,official:tpex_main,NORMAL,official:status_feeds,2026-10-02,1056454.0,1056.454,cache,,,True
3693,營邦,TPEx,COMMON_STOCK,official:tpex_main,NORMAL,official:status_feeds,2026-10-02,865860.0,865.86,cache,VOLUME_LT_THRESHOLD,865.860 張 < 1000 張,False
3707,漢磊,TPEx,COMMON_STOCK,official:tpex_main,NORMAL,official:status_feeds,2026-10-02,35855880.0,35855.88,cache,,,True
3709,鑫聯大投控,TPEx,COMMON_STOCK,official:tpex_main,NORMAL,official:status_feeds,2026-09-24,102141.0,102.141,cache,VOLUME_LT_THRESHOLD,102.141 張 < 1000 張,False
3710,連展投控,TPEx,COMMON_STOCK,official:tpex_main,ABNORMAL,official:tpex_cmode,,,,unavailable,STATUS_ABNORMAL,交易狀態：ABNORMAL,False
3713,新晶投控,TPEx,COMMON_STOCK,official:tpex_main,NORMAL,official:status_feeds,2026-09-24,3003.0,3.003,cache,VOLUME_LT_THRESHOLD,3.003 張 < 1000 張,False
3718,中光電投控,TPEx,COMMON_STOCK,official:tpex_main,NORMAL,official:status_feeds,2026-10-02,1255112.0,1255.112,cache,,,True
4102,永日,TPEx,COMMON_STOCK,official:tpex_main,NORMAL,official:status_feeds,2026-09-24,51982.0,51.982,cache,VOLUME_LT_THRESHOLD,51.982 張 < 1000 張,False
4105,東洋,TPEx,COMMON_STOCK,official:tpex_main,NORMAL,official:status_feeds,2026-09-24,203251.0,203.251,cache,VOLUME_LT_THRESHOLD,203.251 張 < 1000 張,False
4107,邦特,TPEx,COMMON_STOCK,official:tpex_main,NORMAL,official:status_feeds,2026-09-24,33966.0,33.966,cache,VOLUME_LT_THRESHOLD,33.966 張 < 1000 張,False
4109,加捷生醫,TPEx,COMMON_STOCK,official:tpex_main,NORMAL,official:status_feeds,2026-09-24,169390.0,169.39,cache,VOLUME_LT_THRESHOLD,169.390 張 < 1000 張,False
4111,濟生,TPEx,COMMON_STOCK,official:tpex_main,NORMAL,official:status_feeds,2026-09-24,4548.0,4.548,cache,VOLUME_LT_THRESHOLD,4.548 張 < 1000 張,False
4113,聯上,TPEx,COMMON_STOCK,official:tpex_main,NORMAL,official:status_feeds,2026-09-24,745503.0,745.503,cache,VOLUME_LT_THRESHOLD,745.503 張 < 1000 張,False
4114,健喬,TPEx,COMMON_STOCK,official:tpex_main,NORMAL,official:status_feeds,2026-09-24,420590.0,420.59,cache,VOLUME_LT_THRESHOLD,420.590 張 < 1000 張,False
4116,明基醫,TPEx,COMMON_STOCK,official:tpex_main,NORMAL,official:status_feeds,2026-09-24,10234.0,10.234,cache,VOLUME_LT_THRESHOLD,10.234 張 < 1000 張,False
4120,友華,TPEx,COMMON_STOCK,official:tpex_main,NORMAL,official:status_feeds,2026-09-24,2080.0,2.08,cache,VOLUME_LT_THRESHOLD,2.080 張 < 1000 張,False
4121,優盛,TPEx,COMMON_STOCK,official:tpex_main,NORMAL,official:status_feeds,2026-09-24,12515.0,12.515,cache,VOLUME_LT_THRESHOLD,12.515 張 < 1000 張,False
4123,晟德,TPEx,COMMON_STOCK,official:tpex_main,NORMAL,official:status_feeds,2026-10-02,1079796.0,1079.796,cache,,,True
4126,太醫,TPEx,COMMON_STOCK,official:tpex_main,NORMAL,official:status_feeds,2026-09-24,12946.0,12.946,cache,VOLUME_LT_THRESHOLD,12.946 張 < 1000 張,False
4127,天良,TPEx,COMMON_STOCK,official:tpex_main,NORMAL,official:status_feeds,2026-09-24,518784.0,518.784,cache,VOLUME_LT_THRESHOLD,518.784 張 < 1000 張,False
4128,中天,TPEx,COMMON_STOCK,official:tpex_main,NORMAL,official:status_feeds,2026-09-24,681912.0,681.912,cache,VOLUME_LT_THRESHOLD,681.912 張 < 1000 張,False
4129,聯合,TPEx,COMMON_STOCK,official:tpex_main,NORMAL,official:status_feeds,2026-09-24,55391.0,55.391,cache,VOLUME_LT_THRESHOLD,55.391 張 < 1000 張,False
4131,浩泰,TPEx,COMMON_STOCK,official:tpex_main,NORMAL,official:status_feeds,2026-09-24,23021.0,23.021,cache,VOLUME_LT_THRESHOLD,23.021 張 < 1000 張,False
4138,曜亞,TPEx,COMMON_STOCK,official:tpex_main,NORMAL,official:status_feeds,2026-09-24,60617.0,60.617,cache,VOLUME_LT_THRESHOLD,60.617 張 < 1000 張,False
4139,馬光-KY,TPEx,COMMON_STOCK,official:tpex_main,NORMAL,official:status_feeds,2026-09-24,37017.0,37.017,cache,VOLUME_LT_THRESHOLD,37.017 張 < 1000 張,False
4147,中裕,TPEx,COMMON_STOCK,official:tpex_main,NORMAL,official:status_feeds,2026-10-02,564746.0,564.746,cache,VOLUME_LT_THRESHOLD,564.746 張 < 1000 張,False
4153,鈺緯,TPEx,COMMON_STOCK,official:tpex_main,NORMAL,official:status_feeds,2026-09-24,19845.0,19.845,cache,VOLUME_LT_THRESHOLD,19.845 張 < 1000 張,False
4154,樂威科-KY,TPEx,COMMON_STOCK,official:tpex_main,NORMAL,official:status_feeds,2026-09-24,14001.0,14.001,cache,VOLUME_LT_THRESHOLD,14.001 張 < 1000 張,False
4157,太景*-KY,TPEx,COMMON_STOCK,official:tpex_main,NORMAL,official:status_feeds,2026-09-24,393547.0,393.547,cache,VOLUME_LT_THRESHOLD,393.547 張 < 1000 張,False
4160,訊聯基因,TPEx,COMMON_STOCK,official:tpex_main,NORMAL,official:status_feeds,2026-09-24,20751.0,20.751,cache,VOLUME_LT_THRESHOLD,20.751 張 < 1000 張,False
4161,聿新科,TPEx,COMMON_STOCK,official:tpex_main,NORMAL,official:status_feeds,2026-09-24,11000.0,11.0,cache,VOLUME_LT_THRESHOLD,11.000 張 < 1000 張,False
4162,智擎,TPEx,COMMON_STOCK,official:tpex_main,NORMAL,official:status_feeds,2026-09-24,130195.0,130.195,cache,VOLUME_LT_THRESHOLD,130.195 張 < 1000 張,False
4163,鐿鈦,TPEx,COMMON_STOCK,official:tpex_main,NORMAL,official:status_feeds,2026-09-24,14425.0,14.425,cache,VOLUME_LT_THRESHOLD,14.425 張 < 1000 張,False
4166,友霖,TPEx,COMMON_STOCK,official:tpex_main,NORMAL,official:status_feeds,2026-09-24,66000.0,66.0,cache,VOLUME_LT_THRESHOLD,66.000 張 < 1000 張,False
4167,松瑞藥,TPEx,COMMON_STOCK,official:tpex_main,NORMAL,official:status_feeds,2026-09-24,604041.0,604.041,cache,VOLUME_LT_THRESHOLD,604.041 張 < 1000 張,False
4168,醣聯,TPEx,COMMON_STOCK,official:tpex_main,NORMAL,official:status_feeds,2026-09-24,103176.0,103.176,cache,VOLUME_LT_THRESHOLD,103.176 張 < 1000 張,False
4171,瑞基,TPEx,COMMON_STOCK,official:tpex_main,NORMAL,official:status_feeds,2026-09-24,11067.0,11.067,cache,VOLUME_LT_THRESHOLD,11.067 張 < 1000 張,False
4173,久裕,TPEx,COMMON_STOCK,official:tpex_main,NORMAL,official:status_feeds,2026-09-24,29326.0,29.326,cache,VOLUME_LT_THRESHOLD,29.326 張 < 1000 張,False
4174,浩鼎,TPEx,COMMON_STOCK,official:tpex_main,NORMAL,official:status_feeds,2026-10-02,5956124.0,5956.124,cache,,,True
4175,杏一,TPEx,COMMON_STOCK,official:tpex_main,NORMAL,official:status_feeds,2026-09-24,4426.0,4.426,cache,VOLUME_LT_THRESHOLD,4.426 張 < 1000 張,False
4183,福永生技,TPEx,COMMON_STOCK,official:tpex_main,NORMAL,official:status_feeds,2026-09-24,14000.0,14.0,cache,VOLUME_LT_THRESHOLD,14.000 張 < 1000 張,False
4188,安克,TPEx,COMMON_STOCK,official:tpex_main,NORMAL,official:status_feeds,2026-09-24,464615.0,464.615,cache,VOLUME_LT_THRESHOLD,464.615 張 < 1000 張,False
4192,杏國,TPEx,COMMON_STOCK,official:tpex_main,NORMAL,official:status_feeds,2026-09-24,2.0,0.002,cache,VOLUME_LT_THRESHOLD,0.002 張 < 1000 張,False
4198,欣大健康,TPEx,COMMON_STOCK,official:tpex_main,NORMAL,official:status_feeds,2026-09-24,8301.0,8.301,cache,VOLUME_LT_THRESHOLD,8.301 張 < 1000 張,False
4205,中華食,TPEx,COMMON_STOCK,official:tpex_main,NORMAL,official:status_feeds,2026-09-24,15735.0,15.735,cache,VOLUME_LT_THRESHOLD,15.735 張 < 1000 張,False
4207,環泰,TPEx,COMMON_STOCK,official:tpex_main,NORMAL,official:status_feeds,2026-09-24,109147.0,109.147,cache,VOLUME_LT_THRESHOLD,109.147 張 < 1000 張,False
4303,信立,TPEx,COMMON_STOCK,official:tpex_main,NORMAL,official:status_feeds,2026-10-02,461254.0,461.254,cache,VOLUME_LT_THRESHOLD,461.254 張 < 1000 張,False
4304,勝昱,TPEx,COMMON_STOCK,official:tpex_main,NORMAL,official:status_feeds,2026-09-24,81751.0,81.751,cache,VOLUME_LT_THRESHOLD,81.751 張 < 1000 張,False
4305,世坤,TPEx,COMMON_STOCK,official:tpex_main,NORMAL,official:status_feeds,2026-09-24,14018.0,14.018,cache,VOLUME_LT_THRESHOLD,14.018 張 < 1000 張,False
4401,東隆興,TPEx,COMMON_STOCK,official:tpex_main,NORMAL,official:status_feeds,2026-09-24,93551.0,93.551,cache,VOLUME_LT_THRESHOLD,93.551 張 < 1000 張,False
4402,郡都開發,TPEx,COMMON_STOCK,official:tpex_main,NORMAL,official:status_feeds,2026-09-24,16007.0,16.007,cache,VOLUME_LT_THRESHOLD,16.007 張 < 1000 張,False
4406,新昕纖,TPEx,COMMON_STOCK,official:tpex_main,NORMAL,official:status_feeds,2026-09-24,11000.0,11.0,cache,VOLUME_LT_THRESHOLD,11.000 張 < 1000 張,False
4413,飛寶企業,TPEx,COMMON_STOCK,official:tpex_main,NORMAL,official:status_feeds,2026-09-24,49207.0,49.207,cache,VOLUME_LT_THRESHOLD,49.207 張 < 1000 張,False
4416,三圓,TPEx,COMMON_STOCK,official:tpex_main,NORMAL,official:status_feeds,2026-09-29,945941.0,945.941,cache,VOLUME_LT_THRESHOLD,945.941 張 < 1000 張,False
4417,金洲,TPEx,COMMON_STOCK,official:tpex_main,NORMAL,official:status_feeds,2026-09-24,25065.0,25.065,cache,VOLUME_LT_THRESHOLD,25.065 張 < 1000 張,False
4419,皇家美食,TPEx,COMMON_STOCK,official:tpex_main,NORMAL,official:status_feeds,2026-09-24,11624.0,11.624,cache,VOLUME_LT_THRESHOLD,11.624 張 < 1000 張,False
4420,光明,TPEx,COMMON_STOCK,official:tpex_main,NORMAL,official:status_feeds,2026-09-24,28150.0,28.15,cache,VOLUME_LT_THRESHOLD,28.150 張 < 1000 張,False
4430,耀億,TPEx,COMMON_STOCK,official:tpex_main,NORMAL,official:status_feeds,2026-09-24,18434.0,18.434,cache,VOLUME_LT_THRESHOLD,18.434 張 < 1000 張,False
4432,銘旺實,TPEx,COMMON_STOCK,official:tpex_main,NORMAL,official:status_feeds,2026-09-24,20001.0,20.001,cache,VOLUME_LT_THRESHOLD,20.001 張 < 1000 張,False
4433,興采,TPEx,COMMON_STOCK,official:tpex_main,NORMAL,official:status_feeds,2026-09-24,27504.0,27.504,cache,VOLUME_LT_THRESHOLD,27.504 張 < 1000 張,False
4442,竣邦-KY,TPEx,COMMON_STOCK,official:tpex_main,NORMAL,official:status_feeds,2026-09-24,10218.0,10.218,cache,VOLUME_LT_THRESHOLD,10.218 張 < 1000 張,False
4502,健信,TPEx,COMMON_STOCK,official:tpex_main,NORMAL,official:status_feeds,2026-09-24,9000.0,9.0,cache,VOLUME_LT_THRESHOLD,9.000 張 < 1000 張,False
4503,金雨,TPEx,COMMON_STOCK,official:tpex_main,NORMAL,official:status_feeds,2026-09-24,150949.0,150.949,cache,VOLUME_LT_THRESHOLD,150.949 張 < 1000 張,False
4506,崇友,TPEx,COMMON_STOCK,official:tpex_main,NORMAL,official:status_feeds,2026-09-24,71958.0,71.958,cache,VOLUME_LT_THRESHOLD,71.958 張 < 1000 張,False
4510,高鋒,TPEx,COMMON_STOCK,official:tpex_main,NORMAL,official:status_feeds,2026-09-24,385220.0,385.22,cache,VOLUME_LT_THRESHOLD,385.220 張 < 1000 張,False
4513,福裕,TPEx,COMMON_STOCK,official:tpex_main,NORMAL,official:status_feeds,2026-09-24,105238.0,105.238,cache,VOLUME_LT_THRESHOLD,105.238 張 < 1000 張,False
4523,永彰,TPEx,COMMON_STOCK,official:tpex_main,NORMAL,official:status_feeds,2026-09-24,14113.0,14.113,cache,VOLUME_LT_THRESHOLD,14.113 張 < 1000 張,False
4528,江興鍛,TPEx,COMMON_STOCK,official:tpex_main,NORMAL,official:status_feeds,2026-09-24,14599.0,14.599,cache,VOLUME_LT_THRESHOLD,14.599 張 < 1000 張,False
4529,淳紳,TPEx,COMMON_STOCK,official:tpex_main,ABNORMAL,official:tpex_cmode,,,,unavailable,STATUS_ABNORMAL,交易狀態：ABNORMAL,False
4530,天意能創,TPEx,COMMON_STOCK,official:tpex_main,NORMAL,official:status_feeds,2026-09-24,1120.0,1.12,cache,VOLUME_LT_THRESHOLD,1.120 張 < 1000 張,False
4533,協易機,TPEx,COMMON_STOCK,official:tpex_main,NORMAL,official:status_feeds,2026-09-24,590377.0,590.377,cache,VOLUME_LT_THRESHOLD,590.377 張 < 1000 張,False
4534,慶騰,TPEx,COMMON_STOCK,official:tpex_main,NORMAL,official:status_feeds,2026-09-24,485868.0,485.868,cache,VOLUME_LT_THRESHOLD,485.868 張 < 1000 張,False
4535,至興,TPEx,COMMON_STOCK,official:tpex_main,NORMAL,official:status_feeds,2026-09-24,12452.0,12.452,cache,VOLUME_LT_THRESHOLD,12.452 張 < 1000 張,False
4538,大詠城,TPEx,COMMON_STOCK,official:tpex_main,NORMAL,official:status_feeds,2026-09-24,13000.0,13.0,cache,VOLUME_LT_THRESHOLD,13.000 張 < 1000 張,False
4541,晟田,TPEx,COMMON_STOCK,official:tpex_main,NORMAL,official:status_feeds,2026-09-24,362524.0,362.524,cache,VOLUME_LT_THRESHOLD,362.524 張 < 1000 張,False
4542,科嶠,TPEx,COMMON_STOCK,official:tpex_main,DISPOSAL,official:disposal,,,,unavailable,STATUS_DISPOSAL,交易狀態：DISPOSAL,False
4543,萬在,TPEx,COMMON_STOCK,official:tpex_main,NORMAL,official:status_feeds,2026-09-24,31633.0,31.633,cache,VOLUME_LT_THRESHOLD,31.633 張 < 1000 張,False
4549,桓達,TPEx,COMMON_STOCK,official:tpex_main,NORMAL,official:status_feeds,2026-09-24,45894.0,45.894,cache,VOLUME_LT_THRESHOLD,45.894 張 < 1000 張,False
4550,長佳,TPEx,COMMON_STOCK,official:tpex_main,NORMAL,official:status_feeds,2026-09-24,2050.0,2.05,cache,VOLUME_LT_THRESHOLD,2.050 張 < 1000 張,False
4554,橙的,TPEx,COMMON_STOCK,official:tpex_main,NORMAL,official:status_feeds,2026-09-24,6561.0,6.561,cache,VOLUME_LT_THRESHOLD,6.561 張 < 1000 張,False
4556,旭然,TPEx,COMMON_STOCK,official:tpex_main,NORMAL,official:status_feeds,2026-10-02,5319962.0,5319.962,cache,,,True
4558,寶緯,TPEx,COMMON_STOCK,official:tpex_main,NORMAL,official:status_feeds,2026-09-24,23000.0,23.0,cache,VOLUME_LT_THRESHOLD,23.000 張 < 1000 張,False
4561,健椿,TPEx,COMMON_STOCK,official:tpex_main,NORMAL,official:status_feeds,2026-09-24,73012.0,73.012,cache,VOLUME_LT_THRESHOLD,73.012 張 < 1000 張,False
4563,百德,TPEx,COMMON_STOCK,official:tpex_main,NORMAL,official:status_feeds,2026-09-24,290590.0,290.59,cache,VOLUME_LT_THRESHOLD,290.590 張 < 1000 張,False
4568,科際精密,TPEx,COMMON_STOCK,official:tpex_main,NORMAL,official:status_feeds,2026-09-24,3000.0,3.0,cache,VOLUME_LT_THRESHOLD,3.000 張 < 1000 張,False
4577,達航科技,TPEx,COMMON_STOCK,official:tpex_main,NORMAL,official:status_feeds,2026-09-24,131045.0,131.045,cache,VOLUME_LT_THRESHOLD,131.045 張 < 1000 張,False
4580,捷流閥業,TPEx,COMMON_STOCK,official:tpex_main,NORMAL,official:status_feeds,2026-09-24,125384.0,125.384,cache,VOLUME_LT_THRESHOLD,125.384 張 < 1000 張,False
4584,君帆,TPEx,COMMON_STOCK,official:tpex_main,NORMAL,official:status_feeds,2026-09-24,5792.0,5.792,cache,VOLUME_LT_THRESHOLD,5.792 張 < 1000 張,False
4609,唐鋒,TPEx,COMMON_STOCK,official:tpex_main,ABNORMAL,official:tpex_cmode,,,,unavailable,STATUS_ABNORMAL,交易狀態：ABNORMAL,False
4702,中美實,TPEx,COMMON_STOCK,official:tpex_main,NORMAL,official:status_feeds,2026-09-24,56691.0,56.691,cache,VOLUME_LT_THRESHOLD,56.691 張 < 1000 張,False
4706,大恭,TPEx,COMMON_STOCK,official:tpex_main,NORMAL,official:status_feeds,2026-09-24,4167.0,4.167,cache,VOLUME_LT_THRESHOLD,4.167 張 < 1000 張,False
4707,磐亞,TPEx,COMMON_STOCK,official:tpex_main,NORMAL,official:status_feeds,2026-10-02,3089584.0,3089.584,cache,,,True
4711,永純,TPEx,COMMON_STOCK,official:tpex_main,NORMAL,official:status_feeds,2026-09-24,22569.0,22.569,cache,VOLUME_LT_THRESHOLD,22.569 張 < 1000 張,False
4714,永捷,TPEx,COMMON_STOCK,official:tpex_main,NORMAL,official:status_feeds,2026-09-24,750967.0,750.967,cache,VOLUME_LT_THRESHOLD,750.967 張 < 1000 張,False
4716,大立,TPEx,COMMON_STOCK,official:tpex_main,NORMAL,official:status_feeds,2026-09-24,527575.0,527.575,cache,VOLUME_LT_THRESHOLD,527.575 張 < 1000 張,False
4721,美琪瑪,TPEx,COMMON_STOCK,official:tpex_main,NORMAL,official:status_feeds,2026-09-24,683130.0,683.13,cache,VOLUME_LT_THRESHOLD,683.130 張 < 1000 張,False
4726,永昕,TPEx,COMMON_STOCK,official:tpex_main,NORMAL,official:status_feeds,2026-09-24,124075.0,124.075,cache,VOLUME_LT_THRESHOLD,124.075 張 < 1000 張,False
4728,雙美,TPEx,COMMON_STOCK,official:tpex_main,NORMAL,official:status_feeds,2026-09-24,43016.0,43.016,cache,VOLUME_LT_THRESHOLD,43.016 張 < 1000 張,False
4729,熒茂,TPEx,COMMON_STOCK,official:tpex_main,NORMAL,official:status_feeds,2026-09-24,34633.0,34.633,cache,VOLUME_LT_THRESHOLD,34.633 張 < 1000 張,False
4735,豪展,TPEx,COMMON_STOCK,official:tpex_main,NORMAL,official:status_feeds,2026-09-24,17246.0,17.246,cache,VOLUME_LT_THRESHOLD,17.246 張 < 1000 張,False
4741,泓瀚,TPEx,COMMON_STOCK,official:tpex_main,NORMAL,official:status_feeds,2026-09-24,37866.0,37.866,cache,VOLUME_LT_THRESHOLD,37.866 張 < 1000 張,False
4743,合一,TPEx,COMMON_STOCK,official:tpex_main,NORMAL,official:status_feeds,2026-09-24,627284.0,627.284,cache,VOLUME_LT_THRESHOLD,627.284 張 < 1000 張,False
4744,皇將,TPEx,COMMON_STOCK,official:tpex_main,NORMAL,official:status_feeds,2026-09-24,50162.0,50.162,cache,VOLUME_LT_THRESHOLD,50.162 張 < 1000 張,False
4745,合富-KY,TPEx,COMMON_STOCK,official:tpex_main,NORMAL,official:status_feeds,2026-09-24,6122.0,6.122,cache,VOLUME_LT_THRESHOLD,6.122 張 < 1000 張,False
4747,強生*,TPEx,COMMON_STOCK,official:tpex_main,NORMAL,official:status_feeds,2026-09-24,37498.0,37.498,cache,VOLUME_LT_THRESHOLD,37.498 張 < 1000 張,False
4749,新應材,TPEx,COMMON_STOCK,official:tpex_main,NORMAL,official:status_feeds,2026-09-24,459156.0,459.156,cache,VOLUME_LT_THRESHOLD,459.156 張 < 1000 張,False
4754,國碳科,TPEx,COMMON_STOCK,official:tpex_main,NORMAL,official:status_feeds,2026-09-24,13752.0,13.752,cache,VOLUME_LT_THRESHOLD,13.752 張 < 1000 張,False
4760,勤凱,TPEx,COMMON_STOCK,official:tpex_main,NORMAL,official:status_feeds,2026-09-24,295080.0,295.08,cache,VOLUME_LT_THRESHOLD,295.080 張 < 1000 張,False
4767,誠泰科技,TPEx,COMMON_STOCK,official:tpex_main,NORMAL,official:status_feeds,2026-09-24,7131.0,7.131,cache,VOLUME_LT_THRESHOLD,7.131 張 < 1000 張,False
4768,晶呈科技,TPEx,COMMON_STOCK,official:tpex_main,NORMAL,official:status_feeds,2026-09-24,628188.0,628.188,cache,VOLUME_LT_THRESHOLD,628.188 張 < 1000 張,False
4772,台特化,TPEx,COMMON_STOCK,official:tpex_main,NORMAL,official:status_feeds,2026-09-24,376099.0,376.099,cache,VOLUME_LT_THRESHOLD,376.099 張 < 1000 張,False
4806,桂田文創,TPEx,COMMON_STOCK,official:tpex_main,NORMAL,official:status_feeds,,,,unavailable,VOLUME_UNKNOWN,最近可得交易日成交量 Cache 不存在或無有效值,False
4903,聯光通,TPEx,COMMON_STOCK,official:tpex_main,NORMAL,official:status_feeds,2026-10-02,10524817.0,10524.817,cache,,,True
4905,台聯電,TPEx,COMMON_STOCK,official:tpex_main,NORMAL,official:status_feeds,2026-09-24,16103.0,16.103,cache,VOLUME_LT_THRESHOLD,16.103 張 < 1000 張,False
4907,富宇,TPEx,COMMON_STOCK,official:tpex_main,NORMAL,official:status_feeds,2026-09-24,28864.0,28.864,cache,VOLUME_LT_THRESHOLD,28.864 張 < 1000 張,False
4908,前鼎,TPEx,COMMON_STOCK,official:tpex_main,NORMAL,official:status_feeds,2026-10-02,2755649.0,2755.649,cache,,,True
4909,新復興,TPEx,COMMON_STOCK,official:tpex_main,NORMAL,official:status_feeds,2026-09-24,95962.0,95.962,cache,VOLUME_LT_THRESHOLD,95.962 張 < 1000 張,False
4911,德英,TPEx,COMMON_STOCK,official:tpex_main,NORMAL,official:status_feeds,2026-09-24,2649.0,2.649,cache,VOLUME_LT_THRESHOLD,2.649 張 < 1000 張,False
4923,力士,TPEx,COMMON_STOCK,official:tpex_main,NORMAL,official:status_feeds,2026-09-29,958754.0,958.754,cache,VOLUME_LT_THRESHOLD,958.754 張 < 1000 張,False
4924,欣厚-KY,TPEx,COMMON_STOCK,official:tpex_main,NORMAL,official:status_feeds,2026-09-24,539449.0,539.449,cache,VOLUME_LT_THRESHOLD,539.449 張 < 1000 張,False
4931,新盛力,TPEx,COMMON_STOCK,official:tpex_main,NORMAL,official:status_feeds,2026-10-02,3867576.0,3867.576,cache,,,True
4933,友輝,TPEx,COMMON_STOCK,official:tpex_main,NORMAL,official:status_feeds,2026-09-24,31810.0,31.81,cache,VOLUME_LT_THRESHOLD,31.810 張 < 1000 張,False
4939,亞電,TPEx,COMMON_STOCK,official:tpex_main,NORMAL,official:status_feeds,2026-10-02,5044635.0,5044.635,cache,,,True
4946,辣椒,TPEx,COMMON_STOCK,official:tpex_main,NORMAL,official:status_feeds,2026-09-24,27434.0,27.434,cache,VOLUME_LT_THRESHOLD,27.434 張 < 1000 張,False
4950,金耘國際,TPEx,COMMON_STOCK,official:tpex_main,NORMAL,official:status_feeds,2026-09-24,1072.0,1.072,cache,VOLUME_LT_THRESHOLD,1.072 張 < 1000 張,False
4951,精拓科,TPEx,COMMON_STOCK,official:tpex_main,NORMAL,official:status_feeds,2026-09-24,701119.0,701.119,cache,VOLUME_LT_THRESHOLD,701.119 張 < 1000 張,False
4953,緯致,TPEx,COMMON_STOCK,official:tpex_main,NORMAL,official:status_feeds,2026-09-24,133147.0,133.147,cache,VOLUME_LT_THRESHOLD,133.147 張 < 1000 張,False
4966,譜瑞-KY,TPEx,COMMON_STOCK,official:tpex_main,NORMAL,official:status_feeds,2026-09-24,451910.0,451.91,cache,VOLUME_LT_THRESHOLD,451.910 張 < 1000 張,False
4971,IET-KY,TPEx,COMMON_STOCK,official:tpex_main,NORMAL,official:status_feeds,2026-09-24,708802.0,708.802,cache,VOLUME_LT_THRESHOLD,708.802 張 < 1000 張,False
4972,湯石照明,TPEx,COMMON_STOCK,official:tpex_main,NORMAL,official:status_feeds,2026-09-24,11728.0,11.728,cache,VOLUME_LT_THRESHOLD,11.728 張 < 1000 張,False
4973,廣穎,TPEx,COMMON_STOCK,official:tpex_main,NORMAL,official:status_feeds,2026-09-24,495398.0,495.398,cache,VOLUME_LT_THRESHOLD,495.398 張 < 1000 張,False
4974,亞泰,TPEx,COMMON_STOCK,official:tpex_main,NORMAL,official:status_feeds,2026-09-24,52629.0,52.629,cache,VOLUME_LT_THRESHOLD,52.629 張 < 1000 張,False
4979,華星光,TPEx,COMMON_STOCK,official:tpex_main,DISPOSAL,official:disposal,,,,unavailable,STATUS_DISPOSAL,交易狀態：DISPOSAL,False
4991,環宇-KY,TPEx,COMMON_STOCK,official:tpex_main,NORMAL,official:status_feeds,2026-10-02,8592538.0,8592.538,cache,,,True
4995,晶達,TPEx,COMMON_STOCK,official:tpex_main,NORMAL,official:status_feeds,2026-09-24,7445.0,7.445,cache,VOLUME_LT_THRESHOLD,7.445 張 < 1000 張,False
5009,榮剛,TPEx,COMMON_STOCK,official:tpex_main,NORMAL,official:status_feeds,2026-09-24,713899.0,713.899,cache,VOLUME_LT_THRESHOLD,713.899 張 < 1000 張,False
5011,久陽,TPEx,COMMON_STOCK,official:tpex_main,NORMAL,official:status_feeds,2026-09-24,142127.0,142.127,cache,VOLUME_LT_THRESHOLD,142.127 張 < 1000 張,False
5013,強新,TPEx,COMMON_STOCK,official:tpex_main,NORMAL,official:status_feeds,2026-09-24,61857.0,61.857,cache,VOLUME_LT_THRESHOLD,61.857 張 < 1000 張,False
5014,建錩,TPEx,COMMON_STOCK,official:tpex_main,NORMAL,official:status_feeds,2026-09-24,50550.0,50.55,cache,VOLUME_LT_THRESHOLD,50.550 張 < 1000 張,False
5015,華祺,TPEx,COMMON_STOCK,official:tpex_main,NORMAL,official:status_feeds,2026-09-24,10006.0,10.006,cache,VOLUME_LT_THRESHOLD,10.006 張 < 1000 張,False
5016,松和,TPEx,COMMON_STOCK,official:tpex_main,NORMAL,official:status_feeds,2026-09-24,3052.0,3.052,cache,VOLUME_LT_THRESHOLD,3.052 張 < 1000 張,False
5201,凱衛,TPEx,COMMON_STOCK,official:tpex_main,NORMAL,official:status_feeds,2026-09-24,24304.0,24.304,cache,VOLUME_LT_THRESHOLD,24.304 張 < 1000 張,False
5202,力新,TPEx,COMMON_STOCK,official:tpex_main,NORMAL,official:status_feeds,2026-09-29,461617.0,461.617,cache,VOLUME_LT_THRESHOLD,461.617 張 < 1000 張,False
5205,中茂,TPEx,COMMON_STOCK,official:tpex_main,NORMAL,official:status_feeds,2026-09-24,6101.0,6.101,cache,VOLUME_LT_THRESHOLD,6.101 張 < 1000 張,False
5206,坤悅,TPEx,COMMON_STOCK,official:tpex_main,NORMAL,official:status_feeds,2026-09-24,60874.0,60.874,cache,VOLUME_LT_THRESHOLD,60.874 張 < 1000 張,False
5209,新鼎,TPEx,COMMON_STOCK,official:tpex_main,NORMAL,official:status_feeds,2026-09-24,77983.0,77.983,cache,VOLUME_LT_THRESHOLD,77.983 張 < 1000 張,False
5210,寶碩,TPEx,COMMON_STOCK,official:tpex_main,NORMAL,official:status_feeds,2026-09-24,151675.0,151.675,cache,VOLUME_LT_THRESHOLD,151.675 張 < 1000 張,False
5211,蒙恬,TPEx,COMMON_STOCK,official:tpex_main,NORMAL,official:status_feeds,2026-09-24,7333.0,7.333,cache,VOLUME_LT_THRESHOLD,7.333 張 < 1000 張,False
5212,凌網,TPEx,COMMON_STOCK,official:tpex_main,NORMAL,official:status_feeds,2026-09-24,8101.0,8.101,cache,VOLUME_LT_THRESHOLD,8.101 張 < 1000 張,False
5213,亞昕,TPEx,COMMON_STOCK,official:tpex_main,NORMAL,official:status_feeds,2026-09-24,137141.0,137.141,cache,VOLUME_LT_THRESHOLD,137.141 張 < 1000 張,False
5220,萬達光電,TPEx,COMMON_STOCK,official:tpex_main,NORMAL,official:status_feeds,2026-09-24,41031.0,41.031,cache,VOLUME_LT_THRESHOLD,41.031 張 < 1000 張,False
5223,安力-KY,TPEx,COMMON_STOCK,official:tpex_main,NORMAL,official:status_feeds,2026-09-24,6002.0,6.002,cache,VOLUME_LT_THRESHOLD,6.002 張 < 1000 張,False
5227,立凱-KY,TPEx,COMMON_STOCK,official:tpex_main,NORMAL,official:status_feeds,2026-09-24,183837.0,183.837,cache,VOLUME_LT_THRESHOLD,183.837 張 < 1000 張,False
5228,鈺鎧,TPEx,COMMON_STOCK,official:tpex_main,NORMAL,official:status_feeds,2026-09-24,87645.0,87.645,cache,VOLUME_LT_THRESHOLD,87.645 張 < 1000 張,False
5230,雷笛克光學,TPEx,COMMON_STOCK,official:tpex_main,NORMAL,official:status_feeds,2026-10-01,796412.0,796.412,cache,VOLUME_LT_THRESHOLD,796.412 張 < 1000 張,False
5245,智晶,TPEx,COMMON_STOCK,official:tpex_main,NORMAL,official:status_feeds,2026-09-24,155046.0,155.046,cache,VOLUME_LT_THRESHOLD,155.046 張 < 1000 張,False
5251,天鉞電,TPEx,COMMON_STOCK,official:tpex_main,NORMAL,official:status_feeds,2026-09-24,245493.0,245.493,cache,VOLUME_LT_THRESHOLD,245.493 張 < 1000 張,False
5263,智崴,TPEx,COMMON_STOCK,official:tpex_main,NORMAL,official:status_feeds,2026-09-24,140219.0,140.219,cache,VOLUME_LT_THRESHOLD,140.219 張 < 1000 張,False
5272,笙科,TPEx,COMMON_STOCK,official:tpex_main,NORMAL,official:status_feeds,2026-09-24,30262.0,30.262,cache,VOLUME_LT_THRESHOLD,30.262 張 < 1000 張,False
5274,信驊,TPEx,COMMON_STOCK,official:tpex_main,NORMAL,official:status_feeds,2026-09-24,194578.0,194.578,cache,VOLUME_LT_THRESHOLD,194.578 張 < 1000 張,False
5276,達輝-KY,TPEx,COMMON_STOCK,official:tpex_main,NORMAL,official:status_feeds,2026-09-24,2000.0,2.0,cache,VOLUME_LT_THRESHOLD,2.000 張 < 1000 張,False
5278,尚凡*,TPEx,COMMON_STOCK,official:tpex_main,NORMAL,official:status_feeds,2026-09-24,59408.0,59.408,cache,VOLUME_LT_THRESHOLD,59.408 張 < 1000 張,False
5287,數字,TPEx,COMMON_STOCK,official:tpex_main,NORMAL,official:status_feeds,2026-09-24,33769.0,33.769,cache,VOLUME_LT_THRESHOLD,33.769 張 < 1000 張,False
5289,宜鼎,TPEx,COMMON_STOCK,official:tpex_main,NORMAL,official:status_feeds,2026-09-24,978970.0,978.97,cache,VOLUME_LT_THRESHOLD,978.970 張 < 1000 張,False
5291,邑昇,TPEx,COMMON_STOCK,official:tpex_main,NORMAL,official:status_feeds,2026-09-24,357193.0,357.193,cache,VOLUME_LT_THRESHOLD,357.193 張 < 1000 張,False
5299,杰力,TPEx,COMMON_STOCK,official:tpex_main,NORMAL,official:status_feeds,2026-09-24,325735.0,325.735,cache,VOLUME_LT_THRESHOLD,325.735 張 < 1000 張,False
5302,太欣,TPEx,COMMON_STOCK,official:tpex_main,NORMAL,official:status_feeds,2026-09-24,47101.0,47.101,cache,VOLUME_LT_THRESHOLD,47.101 張 < 1000 張,False
5309,系統電,TPEx,COMMON_STOCK,official:tpex_main,NORMAL,official:status_feeds,2026-10-02,14927941.0,14927.941,cache,,,True
5310,天剛,TPEx,COMMON_STOCK,official:tpex_main,NORMAL,official:status_feeds,2026-09-24,299295.0,299.295,cache,VOLUME_LT_THRESHOLD,299.295 張 < 1000 張,False
5312,寶島科,TPEx,COMMON_STOCK,official:tpex_main,NORMAL,official:status_feeds,2026-09-24,7288.0,7.288,cache,VOLUME_LT_THRESHOLD,7.288 張 < 1000 張,False
5314,世紀*,TPEx,COMMON_STOCK,official:tpex_main,NORMAL,official:status_feeds,2026-10-02,31622070.0,31622.07,cache,,,True
5315,光聯,TPEx,COMMON_STOCK,official:tpex_main,NORMAL,official:status_feeds,2026-09-24,66837.0,66.837,cache,VOLUME_LT_THRESHOLD,66.837 張 < 1000 張,False
5321,美而快,TPEx,COMMON_STOCK,official:tpex_main,NORMAL,official:status_feeds,2026-09-24,165956.0,165.956,cache,VOLUME_LT_THRESHOLD,165.956 張 < 1000 張,False
5324,士開,TPEx,COMMON_STOCK,official:tpex_main,NORMAL,official:status_feeds,2026-09-24,33205.0,33.205,cache,VOLUME_LT_THRESHOLD,33.205 張 < 1000 張,False
5328,華容,TPEx,COMMON_STOCK,official:tpex_main,NORMAL,official:status_feeds,2026-10-02,27393182.0,27393.182,cache,,,True
5340,建榮,TPEx,COMMON_STOCK,official:tpex_main,NORMAL,official:status_feeds,2026-09-24,762140.0,762.14,cache,VOLUME_LT_THRESHOLD,762.140 張 < 1000 張,False
5344,立衛,TPEx,COMMON_STOCK,official:tpex_main,NORMAL,official:status_feeds,2026-09-24,106391.0,106.391,cache,VOLUME_LT_THRESHOLD,106.391 張 < 1000 張,False
5345,馥鴻,TPEx,COMMON_STOCK,official:tpex_main,NORMAL,official:status_feeds,2026-09-24,1.0,0.001,cache,VOLUME_LT_THRESHOLD,0.001 張 < 1000 張,False
5347,世界,TPEx,COMMON_STOCK,official:tpex_main,NORMAL,official:status_feeds,2026-10-02,14012491.0,14012.491,cache,,,True
5348,正能量智能,TPEx,COMMON_STOCK,official:tpex_main,NORMAL,official:status_feeds,2026-09-24,6030.0,6.03,cache,VOLUME_LT_THRESHOLD,6.030 張 < 1000 張,False
5351,鈺創,TPEx,COMMON_STOCK,official:tpex_main,NORMAL,official:status_feeds,2026-10-02,16680725.0,16680.725,cache,,,True
5353,台林,TPEx,COMMON_STOCK,official:tpex_main,NORMAL,official:status_feeds,2026-09-24,17287.0,17.287,cache,VOLUME_LT_THRESHOLD,17.287 張 < 1000 張,False
5355,佳總,TPEx,COMMON_STOCK,official:tpex_main,ABNORMAL,official:tpex_cmode,,,,unavailable,STATUS_ABNORMAL,交易狀態：ABNORMAL,False
5356,協益,TPEx,COMMON_STOCK,official:tpex_main,NORMAL,official:status_feeds,2026-09-24,41404.0,41.404,cache,VOLUME_LT_THRESHOLD,41.404 張 < 1000 張,False
5364,力麗店,TPEx,COMMON_STOCK,official:tpex_main,NORMAL,official:status_feeds,2026-09-24,17003.0,17.003,cache,VOLUME_LT_THRESHOLD,17.003 張 < 1000 張,False
5381,光譜,TPEx,COMMON_STOCK,official:tpex_main,NORMAL,official:status_feeds,2026-09-24,244165.0,244.165,cache,VOLUME_LT_THRESHOLD,244.165 張 < 1000 張,False
5386,青雲,TPEx,COMMON_STOCK,official:tpex_main,NORMAL,official:status_feeds,2026-09-24,485969.0,485.969,cache,VOLUME_LT_THRESHOLD,485.969 張 < 1000 張,False
5392,能率,TPEx,COMMON_STOCK,official:tpex_main,NORMAL,official:status_feeds,2026-09-24,489675.0,489.675,cache,VOLUME_LT_THRESHOLD,489.675 張 < 1000 張,False
5398,慕康生醫,TPEx,COMMON_STOCK,official:tpex_main,NORMAL,official:status_feeds,2026-09-24,8119.0,8.119,cache,VOLUME_LT_THRESHOLD,8.119 張 < 1000 張,False
5403,中菲,TPEx,COMMON_STOCK,official:tpex_main,NORMAL,official:status_feeds,2026-09-24,14207.0,14.207,cache,VOLUME_LT_THRESHOLD,14.207 張 < 1000 張,False
5410,國眾,TPEx,COMMON_STOCK,official:tpex_main,NORMAL,official:status_feeds,2026-09-24,103405.0,103.405,cache,VOLUME_LT_THRESHOLD,103.405 張 < 1000 張,False
5425,台半,TPEx,COMMON_STOCK,official:tpex_main,NORMAL,official:status_feeds,2026-10-02,22022341.0,22022.341,cache,,,True
5426,振發,TPEx,COMMON_STOCK,official:tpex_main,NORMAL,official:status_feeds,2026-09-24,224880.0,224.88,cache,VOLUME_LT_THRESHOLD,224.880 張 < 1000 張,False
5432,新門,TPEx,COMMON_STOCK,official:tpex_main,NORMAL,official:status_feeds,2026-09-24,377939.0,377.939,cache,VOLUME_LT_THRESHOLD,377.939 張 < 1000 張,False
5438,東友,TPEx,COMMON_STOCK,official:tpex_main,NORMAL,official:status_feeds,2026-09-24,35923.0,35.923,cache,VOLUME_LT_THRESHOLD,35.923 張 < 1000 張,False
5439,高技,TPEx,COMMON_STOCK,official:tpex_main,NORMAL,official:status_feeds,2026-09-24,768174.0,768.174,cache,VOLUME_LT_THRESHOLD,768.174 張 < 1000 張,False
5443,均豪,TPEx,COMMON_STOCK,official:tpex_main,NORMAL,official:status_feeds,2026-09-24,900906.0,900.906,cache,VOLUME_LT_THRESHOLD,900.906 張 < 1000 張,False
5450,南良,TPEx,COMMON_STOCK,official:tpex_main,NORMAL,official:status_feeds,2026-09-24,54729.0,54.729,cache,VOLUME_LT_THRESHOLD,54.729 張 < 1000 張,False
5452,佶優,TPEx,COMMON_STOCK,official:tpex_main,NORMAL,official:status_feeds,2026-09-24,221213.0,221.213,cache,VOLUME_LT_THRESHOLD,221.213 張 < 1000 張,False
5455,昇益,TPEx,COMMON_STOCK,official:tpex_main,NORMAL,official:status_feeds,2026-09-24,1001.0,1.001,cache,VOLUME_LT_THRESHOLD,1.001 張 < 1000 張,False
5457,宣德,TPEx,COMMON_STOCK,official:tpex_main,NORMAL,official:status_feeds,2026-09-24,419922.0,419.922,cache,VOLUME_LT_THRESHOLD,419.922 張 < 1000 張,False
5460,同協,TPEx,COMMON_STOCK,official:tpex_main,NORMAL,official:status_feeds,2026-09-24,48205.0,48.205,cache,VOLUME_LT_THRESHOLD,48.205 張 < 1000 張,False
5464,霖宏,TPEx,COMMON_STOCK,official:tpex_main,NORMAL,official:status_feeds,2026-09-24,377266.0,377.266,cache,VOLUME_LT_THRESHOLD,377.266 張 < 1000 張,False
5465,富驊,TPEx,COMMON_STOCK,official:tpex_main,NORMAL,official:status_feeds,2026-10-02,631794.0,631.794,cache,VOLUME_LT_THRESHOLD,631.794 張 < 1000 張,False
5468,凱鈺,TPEx,COMMON_STOCK,official:tpex_main,NORMAL,official:status_feeds,2026-09-24,95283.0,95.283,cache,VOLUME_LT_THRESHOLD,95.283 張 < 1000 張,False
5474,聰泰,TPEx,COMMON_STOCK,official:tpex_main,NORMAL,official:status_feeds,2026-09-24,126408.0,126.408,cache,VOLUME_LT_THRESHOLD,126.408 張 < 1000 張,False
5475,德宏,TPEx,COMMON_STOCK,official:tpex_main,NORMAL,official:status_feeds,2026-10-02,2782730.0,2782.73,cache,,,True
5478,智冠,TPEx,COMMON_STOCK,official:tpex_main,NORMAL,official:status_feeds,2026-09-24,25812.0,25.812,cache,VOLUME_LT_THRESHOLD,25.812 張 < 1000 張,False
5481,新華,TPEx,COMMON_STOCK,official:tpex_main,NORMAL,official:status_feeds,2026-09-24,139586.0,139.586,cache,VOLUME_LT_THRESHOLD,139.586 張 < 1000 張,False
5483,中美晶,TPEx,COMMON_STOCK,official:tpex_main,NORMAL,official:status_feeds,2026-10-02,47866889.0,47866.889,cache,,,True
5487,通泰,TPEx,COMMON_STOCK,official:tpex_main,NORMAL,official:status_feeds,2026-09-24,80713.0,80.713,cache,VOLUME_LT_THRESHOLD,80.713 張 < 1000 張,False
5488,松普,TPEx,COMMON_STOCK,official:tpex_main,NORMAL,official:status_feeds,2026-09-24,96591.0,96.591,cache,VOLUME_LT_THRESHOLD,96.591 張 < 1000 張,False
5489,彩富,TPEx,COMMON_STOCK,official:tpex_main,NORMAL,official:status_feeds,2026-09-24,109205.0,109.205,cache,VOLUME_LT_THRESHOLD,109.205 張 < 1000 張,False
5490,同亨,TPEx,COMMON_STOCK,official:tpex_main,NORMAL,official:status_feeds,2026-09-24,143845.0,143.845,cache,VOLUME_LT_THRESHOLD,143.845 張 < 1000 張,False
5493,三聯,TPEx,COMMON_STOCK,official:tpex_main,NORMAL,official:status_feeds,2026-09-24,360830.0,360.83,cache,VOLUME_LT_THRESHOLD,360.830 張 < 1000 張,False
5498,凱崴,TPEx,COMMON_STOCK,official:tpex_main,NORMAL,official:status_feeds,2026-09-24,652022.0,652.022,cache,VOLUME_LT_THRESHOLD,652.022 張 < 1000 張,False
5508,永信建,TPEx,COMMON_STOCK,official:tpex_main,NORMAL,official:status_feeds,2026-09-24,196448.0,196.448,cache,VOLUME_LT_THRESHOLD,196.448 張 < 1000 張,False
5511,德昌,TPEx,COMMON_STOCK,official:tpex_main,NORMAL,official:status_feeds,2026-09-24,116436.0,116.436,cache,VOLUME_LT_THRESHOLD,116.436 張 < 1000 張,False
5512,力麒,TPEx,COMMON_STOCK,official:tpex_main,NORMAL,official:status_feeds,2026-09-24,169895.0,169.895,cache,VOLUME_LT_THRESHOLD,169.895 張 < 1000 張,False
5514,三豐,TPEx,COMMON_STOCK,official:tpex_main,NORMAL,official:status_feeds,2026-09-24,3003.0,3.003,cache,VOLUME_LT_THRESHOLD,3.003 張 < 1000 張,False
5516,雙喜,TPEx,COMMON_STOCK,official:tpex_main,NORMAL,official:status_feeds,2026-09-24,1061.0,1.061,cache,VOLUME_LT_THRESHOLD,1.061 張 < 1000 張,False
5520,力泰,TPEx,COMMON_STOCK,official:tpex_main,NORMAL,official:status_feeds,2026-09-24,1258.0,1.258,cache,VOLUME_LT_THRESHOLD,1.258 張 < 1000 張,False
5523,豐謙,TPEx,COMMON_STOCK,official:tpex_main,NORMAL,official:status_feeds,2026-09-24,3025.0,3.025,cache,VOLUME_LT_THRESHOLD,3.025 張 < 1000 張,False
5529,鉅陞,TPEx,COMMON_STOCK,official:tpex_main,NORMAL,official:status_feeds,2026-09-24,62843.0,62.843,cache,VOLUME_LT_THRESHOLD,62.843 張 < 1000 張,False
5530,龍巖,TPEx,COMMON_STOCK,official:tpex_main,NORMAL,official:status_feeds,2026-09-24,77644.0,77.644,cache,VOLUME_LT_THRESHOLD,77.644 張 < 1000 張,False
5536,聖暉*,TPEx,COMMON_STOCK,official:tpex_main,NORMAL,official:status_feeds,2026-09-24,749962.0,749.962,cache,VOLUME_LT_THRESHOLD,749.962 張 < 1000 張,False
5543,桓鼎-KY,TPEx,COMMON_STOCK,official:tpex_main,NORMAL,official:status_feeds,2026-09-24,2062.0,2.062,cache,VOLUME_LT_THRESHOLD,2.062 張 < 1000 張,False
5547,久舜,TPEx,COMMON_STOCK,official:tpex_main,NORMAL,official:status_feeds,2026-09-24,19647.0,19.647,cache,VOLUME_LT_THRESHOLD,19.647 張 < 1000 張,False
5548,安倉,TPEx,COMMON_STOCK,official:tpex_main,NORMAL,official:status_feeds,2026-09-24,17304.0,17.304,cache,VOLUME_LT_THRESHOLD,17.304 張 < 1000 張,False
5601,台聯櫃,TPEx,COMMON_STOCK,official:tpex_main,NORMAL,official:status_feeds,2026-09-24,5167.0,5.167,cache,VOLUME_LT_THRESHOLD,5.167 張 < 1000 張,False
5603,陸海,TPEx,COMMON_STOCK,official:tpex_main,NORMAL,official:status_feeds,2026-09-24,37597.0,37.597,cache,VOLUME_LT_THRESHOLD,37.597 張 < 1000 張,False
5604,中連,TPEx,COMMON_STOCK,official:tpex_main,NORMAL,official:status_feeds,2026-09-24,10678.0,10.678,cache,VOLUME_LT_THRESHOLD,10.678 張 < 1000 張,False
5609,中菲行,TPEx,COMMON_STOCK,official:tpex_main,NORMAL,official:status_feeds,2026-09-24,35932.0,35.932,cache,VOLUME_LT_THRESHOLD,35.932 張 < 1000 張,False
5701,劍湖山,TPEx,COMMON_STOCK,official:tpex_main,ABNORMAL,official:tpex_cmode,,,,unavailable,STATUS_ABNORMAL,交易狀態：ABNORMAL,False
5703,亞都,TPEx,COMMON_STOCK,official:tpex_main,NORMAL,official:status_feeds,2026-09-24,0.0,0.0,cache,VOLUME_LT_THRESHOLD,0.000 張 < 1000 張,False
5704,老爺知,TPEx,COMMON_STOCK,official:tpex_main,NORMAL,official:status_feeds,2026-09-24,7168.0,7.168,cache,VOLUME_LT_THRESHOLD,7.168 張 < 1000 張,False
5864,致和證,TPEx,COMMON_STOCK,official:tpex_main,NORMAL,official:status_feeds,2026-10-02,2467833.0,2467.833,cache,,,True
5878,台名,TPEx,COMMON_STOCK,official:tpex_main,NORMAL,official:status_feeds,2026-09-24,2222.0,2.222,cache,VOLUME_LT_THRESHOLD,2.222 張 < 1000 張,False
5902,德記,TPEx,COMMON_STOCK,official:tpex_main,NORMAL,official:status_feeds,2026-09-24,81017.0,81.017,cache,VOLUME_LT_THRESHOLD,81.017 張 < 1000 張,False
5903,全家,TPEx,COMMON_STOCK,official:tpex_main,NORMAL,official:status_feeds,2026-09-24,45042.0,45.042,cache,VOLUME_LT_THRESHOLD,45.042 張 < 1000 張,False
5904,寶雅*,TPEx,COMMON_STOCK,official:tpex_main,NORMAL,official:status_feeds,2026-10-02,4251852.0,4251.852,cache,,,True
5905,南仁湖,TPEx,COMMON_STOCK,official:tpex_main,NORMAL,official:status_feeds,2026-09-24,233888.0,233.888,cache,VOLUME_LT_THRESHOLD,233.888 張 < 1000 張,False
6015,宏遠證,TPEx,COMMON_STOCK,official:tpex_main,NORMAL,official:status_feeds,2026-10-02,1581846.0,1581.846,cache,,,True
6016,康和證,TPEx,COMMON_STOCK,official:tpex_main,NORMAL,official:status_feeds,2026-10-02,2871037.0,2871.037,cache,,,True
6020,大展證,TPEx,COMMON_STOCK,official:tpex_main,NORMAL,official:status_feeds,2026-09-24,11031.0,11.031,cache,VOLUME_LT_THRESHOLD,11.031 張 < 1000 張,False
6021,美好證,TPEx,COMMON_STOCK,official:tpex_main,NORMAL,official:status_feeds,2026-09-24,183477.0,183.477,cache,VOLUME_LT_THRESHOLD,183.477 張 < 1000 張,False
6023,元大期,TPEx,COMMON_STOCK,official:tpex_main,NORMAL,official:status_feeds,2026-09-29,445256.0,445.256,cache,VOLUME_LT_THRESHOLD,445.256 張 < 1000 張,False
6026,福邦證,TPEx,COMMON_STOCK,official:tpex_main,NORMAL,official:status_feeds,2026-09-24,649605.0,649.605,cache,VOLUME_LT_THRESHOLD,649.605 張 < 1000 張,False
6028,公勝保經,TPEx,COMMON_STOCK,official:tpex_main,NORMAL,official:status_feeds,2026-09-24,29819.0,29.819,cache,VOLUME_LT_THRESHOLD,29.819 張 < 1000 張,False
6101,寬魚國際,TPEx,COMMON_STOCK,official:tpex_main,NORMAL,official:status_feeds,2026-09-24,61470.0,61.47,cache,VOLUME_LT_THRESHOLD,61.470 張 < 1000 張,False
6103,合邦,TPEx,COMMON_STOCK,official:tpex_main,NORMAL,official:status_feeds,2026-09-24,58086.0,58.086,cache,VOLUME_LT_THRESHOLD,58.086 張 < 1000 張,False
6104,創惟,TPEx,COMMON_STOCK,official:tpex_main,NORMAL,official:status_feeds,2026-09-24,326792.0,326.792,cache,VOLUME_LT_THRESHOLD,326.792 張 < 1000 張,False
6109,亞元,TPEx,COMMON_STOCK,official:tpex_main,NORMAL,official:status_feeds,2026-09-24,36016.0,36.016,cache,VOLUME_LT_THRESHOLD,36.016 張 < 1000 張,False
6111,光聚晶電,TPEx,COMMON_STOCK,official:tpex_main,NORMAL,official:status_feeds,2026-09-24,179206.0,179.206,cache,VOLUME_LT_THRESHOLD,179.206 張 < 1000 張,False
6113,亞矽,TPEx,COMMON_STOCK,official:tpex_main,NORMAL,official:status_feeds,2026-09-24,21216.0,21.216,cache,VOLUME_LT_THRESHOLD,21.216 張 < 1000 張,False
6114,久威,TPEx,COMMON_STOCK,official:tpex_main,NORMAL,official:status_feeds,2026-09-24,12005.0,12.005,cache,VOLUME_LT_THRESHOLD,12.005 張 < 1000 張,False
6118,建達,TPEx,COMMON_STOCK,official:tpex_main,NORMAL,official:status_feeds,2026-09-29,939119.0,939.119,cache,VOLUME_LT_THRESHOLD,939.119 張 < 1000 張,False
6121,新普,TPEx,COMMON_STOCK,official:tpex_main,NORMAL,official:status_feeds,2026-09-24,168653.0,168.653,cache,VOLUME_LT_THRESHOLD,168.653 張 < 1000 張,False
6122,擎邦,TPEx,COMMON_STOCK,official:tpex_main,NORMAL,official:status_feeds,2026-10-02,2170866.0,2170.866,cache,,,True
6123,上奇,TPEx,COMMON_STOCK,official:tpex_main,NORMAL,official:status_feeds,2026-09-24,34501.0,34.501,cache,VOLUME_LT_THRESHOLD,34.501 張 < 1000 張,False
6124,業強,TPEx,COMMON_STOCK,official:tpex_main,NORMAL,official:status_feeds,2026-09-24,17569.0,17.569,cache,VOLUME_LT_THRESHOLD,17.569 張 < 1000 張,False
6125,廣運,TPEx,COMMON_STOCK,official:tpex_main,NORMAL,official:status_feeds,2026-09-24,296372.0,296.372,cache,VOLUME_LT_THRESHOLD,296.372 張 < 1000 張,False
6126,信音,TPEx,COMMON_STOCK,official:tpex_main,NORMAL,official:status_feeds,2026-09-24,267024.0,267.024,cache,VOLUME_LT_THRESHOLD,267.024 張 < 1000 張,False
6127,九豪,TPEx,COMMON_STOCK,official:tpex_main,NORMAL,official:status_feeds,2026-10-02,29644867.0,29644.867,cache,,,True
6129,普誠,TPEx,COMMON_STOCK,official:tpex_main,NORMAL,official:status_feeds,2026-09-24,296866.0,296.866,cache,VOLUME_LT_THRESHOLD,296.866 張 < 1000 張,False
6130,上亞科技,TPEx,COMMON_STOCK,official:tpex_main,NORMAL,official:status_feeds,2026-09-24,61005.0,61.005,cache,VOLUME_LT_THRESHOLD,61.005 張 < 1000 張,False
6134,萬旭,TPEx,COMMON_STOCK,official:tpex_main,NORMAL,official:status_feeds,2026-09-24,86586.0,86.586,cache,VOLUME_LT_THRESHOLD,86.586 張 < 1000 張,False
6138,茂達,TPEx,COMMON_STOCK,official:tpex_main,NORMAL,official:status_feeds,2026-09-24,249152.0,249.152,cache,VOLUME_LT_THRESHOLD,249.152 張 < 1000 張,False
6140,訊達,TPEx,COMMON_STOCK,official:tpex_main,NORMAL,official:status_feeds,2026-09-24,565188.0,565.188,cache,VOLUME_LT_THRESHOLD,565.188 張 < 1000 張,False
6143,振曜,TPEx,COMMON_STOCK,official:tpex_main,NORMAL,official:status_feeds,2026-09-24,139091.0,139.091,cache,VOLUME_LT_THRESHOLD,139.091 張 < 1000 張,False
6144,得利影,TPEx,COMMON_STOCK,official:tpex_main,NORMAL,official:status_feeds,2026-09-24,5504.0,5.504,cache,VOLUME_LT_THRESHOLD,5.504 張 < 1000 張,False
6146,耕興,TPEx,COMMON_STOCK,official:tpex_main,NORMAL,official:status_feeds,2026-09-24,178359.0,178.359,cache,VOLUME_LT_THRESHOLD,178.359 張 < 1000 張,False
6147,頎邦,TPEx,COMMON_STOCK,official:tpex_main,NORMAL,official:status_feeds,2026-10-02,28573717.0,28573.717,cache,,,True
6148,驊宏資,TPEx,COMMON_STOCK,official:tpex_main,NORMAL,official:status_feeds,2026-10-02,1119625.0,1119.625,cache,,,True
6150,撼訊,TPEx,COMMON_STOCK,official:tpex_main,NORMAL,official:status_feeds,2026-09-24,70052.0,70.052,cache,VOLUME_LT_THRESHOLD,70.052 張 < 1000 張,False
6151,晉倫,TPEx,COMMON_STOCK,official:tpex_main,NORMAL,official:status_feeds,2026-09-24,78049.0,78.049,cache,VOLUME_LT_THRESHOLD,78.049 張 < 1000 張,False
6154,順發,TPEx,COMMON_STOCK,official:tpex_main,NORMAL,official:status_feeds,2026-09-24,43395.0,43.395,cache,VOLUME_LT_THRESHOLD,43.395 張 < 1000 張,False
6156,松上,TPEx,COMMON_STOCK,official:tpex_main,NORMAL,official:status_feeds,2026-09-24,199295.0,199.295,cache,VOLUME_LT_THRESHOLD,199.295 張 < 1000 張,False
6158,禾昌,TPEx,COMMON_STOCK,official:tpex_main,NORMAL,official:status_feeds,2026-09-24,27025.0,27.025,cache,VOLUME_LT_THRESHOLD,27.025 張 < 1000 張,False
6160,欣技,TPEx,COMMON_STOCK,official:tpex_main,NORMAL,official:status_feeds,2026-09-24,63263.0,63.263,cache,VOLUME_LT_THRESHOLD,63.263 張 < 1000 張,False
6161,捷波,TPEx,COMMON_STOCK,official:tpex_main,NORMAL,official:status_feeds,2026-09-24,44912.0,44.912,cache,VOLUME_LT_THRESHOLD,44.912 張 < 1000 張,False
6163,華電網,TPEx,COMMON_STOCK,official:tpex_main,NORMAL,official:status_feeds,2026-09-24,761606.0,761.606,cache,VOLUME_LT_THRESHOLD,761.606 張 < 1000 張,False
6167,久正,TPEx,COMMON_STOCK,official:tpex_main,NORMAL,official:status_feeds,2026-09-24,231791.0,231.791,cache,VOLUME_LT_THRESHOLD,231.791 張 < 1000 張,False
6169,昱泉,TPEx,COMMON_STOCK,official:tpex_main,NORMAL,official:status_feeds,2026-09-24,7133.0,7.133,cache,VOLUME_LT_THRESHOLD,7.133 張 < 1000 張,False
6170,統振,TPEx,COMMON_STOCK,official:tpex_main,NORMAL,official:status_feeds,2026-09-24,107892.0,107.892,cache,VOLUME_LT_THRESHOLD,107.892 張 < 1000 張,False
6171,大城地產,TPEx,COMMON_STOCK,official:tpex_main,NORMAL,official:status_feeds,2026-09-24,35141.0,35.141,cache,VOLUME_LT_THRESHOLD,35.141 張 < 1000 張,False
6173,信昌電,TPEx,COMMON_STOCK,official:tpex_main,NORMAL,official:status_feeds,2026-10-02,24376977.0,24376.977,cache,,,True
6174,安碁,TPEx,COMMON_STOCK,official:tpex_main,NORMAL,official:status_feeds,2026-09-24,534056.0,534.056,cache,VOLUME_LT_THRESHOLD,534.056 張 < 1000 張,False
6175,立敦,TPEx,COMMON_STOCK,official:tpex_main,NORMAL,official:status_feeds,2026-09-24,329471.0,329.471,cache,VOLUME_LT_THRESHOLD,329.471 張 < 1000 張,False
6179,亞通,TPEx,COMMON_STOCK,official:tpex_main,NORMAL,official:status_feeds,2026-10-02,3049111.0,3049.111,cache,,,True
6180,橘子,TPEx,COMMON_STOCK,official:tpex_main,NORMAL,official:status_feeds,2026-09-24,134532.0,134.532,cache,VOLUME_LT_THRESHOLD,134.532 張 < 1000 張,False
6182,合晶,TPEx,COMMON_STOCK,official:tpex_main,NORMAL,official:status_feeds,2026-10-02,142244786.0,142244.786,cache,,,True
6185,幃翔,TPEx,COMMON_STOCK,official:tpex_main,NORMAL,official:status_feeds,2026-09-24,124057.0,124.057,cache,VOLUME_LT_THRESHOLD,124.057 張 < 1000 張,False
6186,新潤,TPEx,COMMON_STOCK,official:tpex_main,NORMAL,official:status_feeds,2026-09-24,587305.0,587.305,cache,VOLUME_LT_THRESHOLD,587.305 張 < 1000 張,False
6187,萬潤,TPEx,COMMON_STOCK,official:tpex_main,NORMAL,official:status_feeds,2026-10-02,2436944.0,2436.944,cache,,,True
6188,廣明,TPEx,COMMON_STOCK,official:tpex_main,NORMAL,official:status_feeds,2026-09-24,317836.0,317.836,cache,VOLUME_LT_THRESHOLD,317.836 張 < 1000 張,False
6190,萬泰科,TPEx,COMMON_STOCK,official:tpex_main,NORMAL,official:status_feeds,2026-10-02,1215269.0,1215.269,cache,,,True
6194,育富,TPEx,COMMON_STOCK,official:tpex_main,NORMAL,official:status_feeds,2026-09-24,60001.0,60.001,cache,VOLUME_LT_THRESHOLD,60.001 張 < 1000 張,False
6195,詩肯,TPEx,COMMON_STOCK,official:tpex_main,NORMAL,official:status_feeds,2026-09-24,14263.0,14.263,cache,VOLUME_LT_THRESHOLD,14.263 張 < 1000 張,False
6198,瑞築,TPEx,COMMON_STOCK,official:tpex_main,NORMAL,official:status_feeds,2026-09-24,3001.0,3.001,cache,VOLUME_LT_THRESHOLD,3.001 張 < 1000 張,False
6199,天品,TPEx,COMMON_STOCK,official:tpex_main,NORMAL,official:status_feeds,2026-10-02,5837811.0,5837.811,cache,,,True
6203,海韻電,TPEx,COMMON_STOCK,official:tpex_main,NORMAL,official:status_feeds,2026-09-24,22678.0,22.678,cache,VOLUME_LT_THRESHOLD,22.678 張 < 1000 張,False
6204,艾華,TPEx,COMMON_STOCK,official:tpex_main,NORMAL,official:status_feeds,2026-09-24,548771.0,548.771,cache,VOLUME_LT_THRESHOLD,548.771 張 < 1000 張,False
6207,雷科,TPEx,COMMON_STOCK,official:tpex_main,NORMAL,official:status_feeds,2026-10-02,25966898.0,25966.898,cache,,,True
6208,日揚,TPEx,COMMON_STOCK,official:tpex_main,NORMAL,official:status_feeds,2026-09-24,57834.0,57.834,cache,VOLUME_LT_THRESHOLD,57.834 張 < 1000 張,False
6210,慶生,TPEx,COMMON_STOCK,official:tpex_main,NORMAL,official:status_feeds,2026-09-24,21155.0,21.155,cache,VOLUME_LT_THRESHOLD,21.155 張 < 1000 張,False
6212,理銘,TPEx,COMMON_STOCK,official:tpex_main,NORMAL,official:status_feeds,2026-09-24,1633.0,1.633,cache,VOLUME_LT_THRESHOLD,1.633 張 < 1000 張,False
6217,中探針,TPEx,COMMON_STOCK,official:tpex_main,NORMAL,official:status_feeds,2026-10-02,4321874.0,4321.874,cache,,,True
6218,豪勉,TPEx,COMMON_STOCK,official:tpex_main,DISPOSAL,official:disposal,,,,unavailable,STATUS_DISPOSAL,交易狀態：DISPOSAL,False
6219,富旺,TPEx,COMMON_STOCK,official:tpex_main,NORMAL,official:status_feeds,2026-09-24,22005.0,22.005,cache,VOLUME_LT_THRESHOLD,22.005 張 < 1000 張,False
6220,岳豐,TPEx,COMMON_STOCK,official:tpex_main,NORMAL,official:status_feeds,2026-09-24,48515.0,48.515,cache,VOLUME_LT_THRESHOLD,48.515 張 < 1000 張,False
6221,晉泰,TPEx,COMMON_STOCK,official:tpex_main,NORMAL,official:status_feeds,2026-09-24,839747.0,839.747,cache,VOLUME_LT_THRESHOLD,839.747 張 < 1000 張,False
6222,立軒,TPEx,COMMON_STOCK,official:tpex_main,NORMAL,official:status_feeds,2026-09-24,6001.0,6.001,cache,VOLUME_LT_THRESHOLD,6.001 張 < 1000 張,False
6223,旺矽,TPEx,COMMON_STOCK,official:tpex_main,NORMAL,official:status_feeds,2026-09-24,585343.0,585.343,cache,VOLUME_LT_THRESHOLD,585.343 張 < 1000 張,False
6227,茂綸,TPEx,COMMON_STOCK,official:tpex_main,NORMAL,official:status_feeds,2026-09-24,892035.0,892.035,cache,VOLUME_LT_THRESHOLD,892.035 張 < 1000 張,False
6228,全譜,TPEx,COMMON_STOCK,official:tpex_main,NORMAL,official:status_feeds,2026-09-24,19992.0,19.992,cache,VOLUME_LT_THRESHOLD,19.992 張 < 1000 張,False
6229,研通,TPEx,COMMON_STOCK,official:tpex_main,NORMAL,official:status_feeds,2026-09-24,69104.0,69.104,cache,VOLUME_LT_THRESHOLD,69.104 張 < 1000 張,False
6231,系微,TPEx,COMMON_STOCK,official:tpex_main,NORMAL,official:status_feeds,2026-09-24,632545.0,632.545,cache,VOLUME_LT_THRESHOLD,632.545 張 < 1000 張,False
6233,旺玖,TPEx,COMMON_STOCK,official:tpex_main,NORMAL,official:status_feeds,2026-09-24,78298.0,78.298,cache,VOLUME_LT_THRESHOLD,78.298 張 < 1000 張,False
6234,高僑,TPEx,COMMON_STOCK,official:tpex_main,NORMAL,official:status_feeds,2026-09-24,645567.0,645.567,cache,VOLUME_LT_THRESHOLD,645.567 張 < 1000 張,False
6236,中湛,TPEx,COMMON_STOCK,official:tpex_main,ABNORMAL,official:tpex_cmode,,,,unavailable,STATUS_ABNORMAL,交易狀態：ABNORMAL,False
6237,驊訊,TPEx,COMMON_STOCK,official:tpex_main,NORMAL,official:status_feeds,2026-10-02,257833.0,257.833,cache,VOLUME_LT_THRESHOLD,257.833 張 < 1000 張,False
6240,松崗,TPEx,COMMON_STOCK,official:tpex_main,NORMAL,official:status_feeds,2026-09-24,66263.0,66.263,cache,VOLUME_LT_THRESHOLD,66.263 張 < 1000 張,False
6241,鑫永洋,TPEx,COMMON_STOCK,official:tpex_main,NORMAL,official:status_feeds,2026-09-24,87364.0,87.364,cache,VOLUME_LT_THRESHOLD,87.364 張 < 1000 張,False
6242,立康,TPEx,COMMON_STOCK,official:tpex_main,NORMAL,official:status_feeds,2026-09-24,5531.0,5.531,cache,VOLUME_LT_THRESHOLD,5.531 張 < 1000 張,False
6244,茂迪,TPEx,COMMON_STOCK,official:tpex_main,NORMAL,official:status_feeds,2026-10-02,2693288.0,2693.288,cache,,,True
6245,立端,TPEx,COMMON_STOCK,official:tpex_main,NORMAL,official:status_feeds,2026-09-24,491026.0,491.026,cache,VOLUME_LT_THRESHOLD,491.026 張 < 1000 張,False
6246,臺龍,TPEx,COMMON_STOCK,official:tpex_main,NORMAL,official:status_feeds,2026-09-24,7570.0,7.57,cache,VOLUME_LT_THRESHOLD,7.570 張 < 1000 張,False
6248,沛波,TPEx,COMMON_STOCK,official:tpex_main,NORMAL,official:status_feeds,2026-09-24,35730.0,35.73,cache,VOLUME_LT_THRESHOLD,35.730 張 < 1000 張,False
6259,百徽,TPEx,COMMON_STOCK,official:tpex_main,NORMAL,official:status_feeds,2026-09-24,49779.0,49.779,cache,VOLUME_LT_THRESHOLD,49.779 張 < 1000 張,False
6261,久元,TPEx,COMMON_STOCK,official:tpex_main,NORMAL,official:status_feeds,2026-09-24,391696.0,391.696,cache,VOLUME_LT_THRESHOLD,391.696 張 < 1000 張,False
6263,普萊德,TPEx,COMMON_STOCK,official:tpex_main,NORMAL,official:status_feeds,2026-09-24,44641.0,44.641,cache,VOLUME_LT_THRESHOLD,44.641 張 < 1000 張,False
6264,富裔,TPEx,COMMON_STOCK,official:tpex_main,NORMAL,official:status_feeds,2026-09-24,41009.0,41.009,cache,VOLUME_LT_THRESHOLD,41.009 張 < 1000 張,False
6265,方土昶,TPEx,COMMON_STOCK,official:tpex_main,NORMAL,official:status_feeds,2026-09-24,975536.0,975.536,cache,VOLUME_LT_THRESHOLD,975.536 張 < 1000 張,False
6266,泰詠,TPEx,COMMON_STOCK,official:tpex_main,NORMAL,official:status_feeds,2026-09-24,71480.0,71.48,cache,VOLUME_LT_THRESHOLD,71.480 張 < 1000 張,False
6270,倍微,TPEx,COMMON_STOCK,official:tpex_main,NORMAL,official:status_feeds,2026-09-24,168188.0,168.188,cache,VOLUME_LT_THRESHOLD,168.188 張 < 1000 張,False
6274,台燿,TPEx,COMMON_STOCK,official:tpex_main,NORMAL,official:status_feeds,2026-10-02,12357017.0,12357.017,cache,,,True
6275,元山,TPEx,COMMON_STOCK,official:tpex_main,NORMAL,official:status_feeds,2026-09-24,76210.0,76.21,cache,VOLUME_LT_THRESHOLD,76.210 張 < 1000 張,False
6276,安鈦克,TPEx,COMMON_STOCK,official:tpex_main,NORMAL,official:status_feeds,2026-09-24,28325.0,28.325,cache,VOLUME_LT_THRESHOLD,28.325 張 < 1000 張,False
6279,胡連,TPEx,COMMON_STOCK,official:tpex_main,NORMAL,official:status_feeds,2026-09-24,216051.0,216.051,cache,VOLUME_LT_THRESHOLD,216.051 張 < 1000 張,False
6284,佳邦,TPEx,COMMON_STOCK,official:tpex_main,NORMAL,official:status_feeds,2026-09-24,389192.0,389.192,cache,VOLUME_LT_THRESHOLD,389.192 張 < 1000 張,False
6290,良維,TPEx,COMMON_STOCK,official:tpex_main,NORMAL,official:status_feeds,2026-10-02,1758814.0,1758.814,cache,,,True
6291,沛亨,TPEx,COMMON_STOCK,official:tpex_main,NORMAL,official:status_feeds,2026-09-24,810599.0,810.599,cache,VOLUME_LT_THRESHOLD,810.599 張 < 1000 張,False
6292,迅德,TPEx,COMMON_STOCK,official:tpex_main,NORMAL,official:status_feeds,2026-09-24,169940.0,169.94,cache,VOLUME_LT_THRESHOLD,169.940 張 < 1000 張,False
6294,智基,TPEx,COMMON_STOCK,official:tpex_main,NORMAL,official:status_feeds,2026-09-24,10660.0,10.66,cache,VOLUME_LT_THRESHOLD,10.660 張 < 1000 張,False
6411,晶焱,TPEx,COMMON_STOCK,official:tpex_main,NORMAL,official:status_feeds,2026-09-24,66504.0,66.504,cache,VOLUME_LT_THRESHOLD,66.504 張 < 1000 張,False
6417,韋僑,TPEx,COMMON_STOCK,official:tpex_main,NORMAL,official:status_feeds,2026-09-24,129258.0,129.258,cache,VOLUME_LT_THRESHOLD,129.258 張 < 1000 張,False
6418,詠昇,TPEx,COMMON_STOCK,official:tpex_main,NORMAL,official:status_feeds,2026-09-24,21064.0,21.064,cache,VOLUME_LT_THRESHOLD,21.064 張 < 1000 張,False
6419,京晨科,TPEx,COMMON_STOCK,official:tpex_main,NORMAL,official:status_feeds,2026-09-24,33277.0,33.277,cache,VOLUME_LT_THRESHOLD,33.277 張 < 1000 張,False
6423,億而得,TPEx,COMMON_STOCK,official:tpex_main,NORMAL,official:status_feeds,2026-09-24,30202.0,30.202,cache,VOLUME_LT_THRESHOLD,30.202 張 < 1000 張,False
6425,易發,TPEx,COMMON_STOCK,official:tpex_main,NORMAL,official:status_feeds,2026-09-24,604251.0,604.251,cache,VOLUME_LT_THRESHOLD,604.251 張 < 1000 張,False
6432,今展科,TPEx,COMMON_STOCK,official:tpex_main,NORMAL,official:status_feeds,2026-09-24,318631.0,318.631,cache,VOLUME_LT_THRESHOLD,318.631 張 < 1000 張,False
6435,大中,TPEx,COMMON_STOCK,official:tpex_main,NORMAL,official:status_feeds,2026-09-24,320061.0,320.061,cache,VOLUME_LT_THRESHOLD,320.061 張 < 1000 張,False
6441,廣錠,TPEx,COMMON_STOCK,official:tpex_main,NORMAL,official:status_feeds,2026-09-24,302945.0,302.945,cache,VOLUME_LT_THRESHOLD,302.945 張 < 1000 張,False
6461,益得,TPEx,COMMON_STOCK,official:tpex_main,NORMAL,official:status_feeds,2026-09-24,37820.0,37.82,cache,VOLUME_LT_THRESHOLD,37.820 張 < 1000 張,False
6462,神盾,TPEx,COMMON_STOCK,official:tpex_main,NORMAL,official:status_feeds,2026-09-24,213383.0,213.383,cache,VOLUME_LT_THRESHOLD,213.383 張 < 1000 張,False
6465,威潤,TPEx,COMMON_STOCK,official:tpex_main,NORMAL,official:status_feeds,2026-09-24,75791.0,75.791,cache,VOLUME_LT_THRESHOLD,75.791 張 < 1000 張,False
6469,大樹,TPEx,COMMON_STOCK,official:tpex_main,NORMAL,official:status_feeds,2026-09-24,276932.0,276.932,cache,VOLUME_LT_THRESHOLD,276.932 張 < 1000 張,False
6470,宇智,TPEx,COMMON_STOCK,official:tpex_main,NORMAL,official:status_feeds,2026-09-24,11243.0,11.243,cache,VOLUME_LT_THRESHOLD,11.243 張 < 1000 張,False
6474,華豫寧,TPEx,COMMON_STOCK,official:tpex_main,NORMAL,official:status_feeds,2026-09-24,24198.0,24.198,cache,VOLUME_LT_THRESHOLD,24.198 張 < 1000 張,False
6482,弘煜科,TPEx,COMMON_STOCK,official:tpex_main,NORMAL,official:status_feeds,2026-09-24,51913.0,51.913,cache,VOLUME_LT_THRESHOLD,51.913 張 < 1000 張,False
6485,點序,TPEx,COMMON_STOCK,official:tpex_main,NORMAL,official:status_feeds,2026-09-24,486821.0,486.821,cache,VOLUME_LT_THRESHOLD,486.821 張 < 1000 張,False
6486,互動,TPEx,COMMON_STOCK,official:tpex_main,NORMAL,official:status_feeds,2026-09-24,35564.0,35.564,cache,VOLUME_LT_THRESHOLD,35.564 張 < 1000 張,False
6488,環球晶,TPEx,COMMON_STOCK,official:tpex_main,NORMAL,official:status_feeds,2026-10-02,16255922.0,16255.922,cache,,,True
6492,生華科,TPEx,COMMON_STOCK,official:tpex_main,NORMAL,official:status_feeds,2026-09-24,124490.0,124.49,cache,VOLUME_LT_THRESHOLD,124.490 張 < 1000 張,False
6494,九齊,TPEx,COMMON_STOCK,official:tpex_main,NORMAL,official:status_feeds,2026-09-24,64457.0,64.457,cache,VOLUME_LT_THRESHOLD,64.457 張 < 1000 張,False
6496,科懋,TPEx,COMMON_STOCK,official:tpex_main,NORMAL,official:status_feeds,2026-09-24,20905.0,20.905,cache,VOLUME_LT_THRESHOLD,20.905 張 < 1000 張,False
6498,久禾光,TPEx,COMMON_STOCK,official:tpex_main,NORMAL,official:status_feeds,2026-09-24,69276.0,69.276,cache,VOLUME_LT_THRESHOLD,69.276 張 < 1000 張,False
6499,益安,TPEx,COMMON_STOCK,official:tpex_main,NORMAL,official:status_feeds,2026-09-24,136985.0,136.985,cache,VOLUME_LT_THRESHOLD,136.985 張 < 1000 張,False
6506,雙邦,TPEx,COMMON_STOCK,official:tpex_main,NORMAL,official:status_feeds,2026-09-24,130522.0,130.522,cache,VOLUME_LT_THRESHOLD,130.522 張 < 1000 張,False
6508,惠光,TPEx,COMMON_STOCK,official:tpex_main,NORMAL,official:status_feeds,2026-09-24,39635.0,39.635,cache,VOLUME_LT_THRESHOLD,39.635 張 < 1000 張,False
6509,聚和,TPEx,COMMON_STOCK,official:tpex_main,NORMAL,official:status_feeds,2026-09-24,490743.0,490.743,cache,VOLUME_LT_THRESHOLD,490.743 張 < 1000 張,False
6510,精測,TPEx,COMMON_STOCK,official:tpex_main,NORMAL,official:status_feeds,2026-10-02,574903.0,574.903,cache,VOLUME_LT_THRESHOLD,574.903 張 < 1000 張,False
6512,啟發電,TPEx,COMMON_STOCK,official:tpex_main,NORMAL,official:status_feeds,2026-09-24,8071.0,8.071,cache,VOLUME_LT_THRESHOLD,8.071 張 < 1000 張,False
6516,勤崴國際,TPEx,COMMON_STOCK,official:tpex_main,NORMAL,official:status_feeds,2026-09-24,36144.0,36.144,cache,VOLUME_LT_THRESHOLD,36.144 張 < 1000 張,False
6517,保勝光學,TPEx,COMMON_STOCK,official:tpex_main,NORMAL,official:status_feeds,2026-09-24,81269.0,81.269,cache,VOLUME_LT_THRESHOLD,81.269 張 < 1000 張,False
6523,達爾膚,TPEx,COMMON_STOCK,official:tpex_main,NORMAL,official:status_feeds,2026-09-24,27692.0,27.692,cache,VOLUME_LT_THRESHOLD,27.692 張 < 1000 張,False
6527,明達醫,TPEx,COMMON_STOCK,official:tpex_main,NORMAL,official:status_feeds,2026-09-24,24054.0,24.054,cache,VOLUME_LT_THRESHOLD,24.054 張 < 1000 張,False
6530,創威,TPEx,COMMON_STOCK,official:tpex_main,NORMAL,official:status_feeds,2026-10-02,1612325.0,1612.325,cache,,,True
6532,瑞耘,TPEx,COMMON_STOCK,official:tpex_main,NORMAL,official:status_feeds,2026-09-24,525245.0,525.245,cache,VOLUME_LT_THRESHOLD,525.245 張 < 1000 張,False
6535,順藥,TPEx,COMMON_STOCK,official:tpex_main,NORMAL,official:status_feeds,2026-09-24,233476.0,233.476,cache,VOLUME_LT_THRESHOLD,233.476 張 < 1000 張,False
6538,倉和,TPEx,COMMON_STOCK,official:tpex_main,NORMAL,official:status_feeds,2026-10-02,1926154.0,1926.154,cache,,,True
6542,隆中,TPEx,COMMON_STOCK,official:tpex_main,NORMAL,official:status_feeds,2026-09-24,5026.0,5.026,cache,VOLUME_LT_THRESHOLD,5.026 張 < 1000 張,False
6546,正基,TPEx,COMMON_STOCK,official:tpex_main,NORMAL,official:status_feeds,2026-09-24,209357.0,209.357,cache,VOLUME_LT_THRESHOLD,209.357 張 < 1000 張,False
6547,高端疫苗,TPEx,COMMON_STOCK,official:tpex_main,NORMAL,official:status_feeds,2026-10-02,3147852.0,3147.852,cache,,,True
6548,長科*,TPEx,COMMON_STOCK,official:tpex_main,NORMAL,official:status_feeds,2026-10-02,8760256.0,8760.256,cache,,,True
6556,勝品,TPEx,COMMON_STOCK,official:tpex_main,NORMAL,official:status_feeds,2026-09-24,4050.0,4.05,cache,VOLUME_LT_THRESHOLD,4.050 張 < 1000 張,False
6560,欣普羅,TPEx,COMMON_STOCK,official:tpex_main,NORMAL,official:status_feeds,2026-09-24,16947.0,16.947,cache,VOLUME_LT_THRESHOLD,16.947 張 < 1000 張,False
6561,是方,TPEx,COMMON_STOCK,official:tpex_main,NORMAL,official:status_feeds,2026-09-24,81689.0,81.689,cache,VOLUME_LT_THRESHOLD,81.689 張 < 1000 張,False
6568,宏觀,TPEx,COMMON_STOCK,official:tpex_main,NORMAL,official:status_feeds,2026-09-24,94294.0,94.294,cache,VOLUME_LT_THRESHOLD,94.294 張 < 1000 張,False
6569,醫揚,TPEx,COMMON_STOCK,official:tpex_main,NORMAL,official:status_feeds,2026-09-24,23548.0,23.548,cache,VOLUME_LT_THRESHOLD,23.548 張 < 1000 張,False
6570,維田,TPEx,COMMON_STOCK,official:tpex_main,NORMAL,official:status_feeds,2026-09-24,30176.0,30.176,cache,VOLUME_LT_THRESHOLD,30.176 張 < 1000 張,False
6574,霈方,TPEx,COMMON_STOCK,official:tpex_main,NORMAL,official:status_feeds,2026-09-24,18263.0,18.263,cache,VOLUME_LT_THRESHOLD,18.263 張 < 1000 張,False
6576,逸達,TPEx,COMMON_STOCK,official:tpex_main,NORMAL,official:status_feeds,2026-09-24,36560.0,36.56,cache,VOLUME_LT_THRESHOLD,36.560 張 < 1000 張,False
6577,勁豐,TPEx,COMMON_STOCK,official:tpex_main,NORMAL,official:status_feeds,2026-09-24,12391.0,12.391,cache,VOLUME_LT_THRESHOLD,12.391 張 < 1000 張,False
6578,達邦蛋白,TPEx,COMMON_STOCK,official:tpex_main,NORMAL,official:status_feeds,2026-09-24,183201.0,183.201,cache,VOLUME_LT_THRESHOLD,183.201 張 < 1000 張,False
6584,南俊國際,TPEx,COMMON_STOCK,official:tpex_main,NORMAL,official:status_feeds,2026-09-24,239173.0,239.173,cache,VOLUME_LT_THRESHOLD,239.173 張 < 1000 張,False
6588,東典光電,TPEx,COMMON_STOCK,official:tpex_main,NORMAL,official:status_feeds,2026-09-24,601642.0,601.642,cache,VOLUME_LT_THRESHOLD,601.642 張 < 1000 張,False
6590,普鴻,TPEx,COMMON_STOCK,official:tpex_main,NORMAL,official:status_feeds,2026-09-24,18708.0,18.708,cache,VOLUME_LT_THRESHOLD,18.708 張 < 1000 張,False
6593,台灣銘板,TPEx,COMMON_STOCK,official:tpex_main,NORMAL,official:status_feeds,2026-09-24,17332.0,17.332,cache,VOLUME_LT_THRESHOLD,17.332 張 < 1000 張,False
6596,寬宏藝術,TPEx,COMMON_STOCK,official:tpex_main,NORMAL,official:status_feeds,2026-09-24,31542.0,31.542,cache,VOLUME_LT_THRESHOLD,31.542 張 < 1000 張,False
6597,立誠,TPEx,COMMON_STOCK,official:tpex_main,NORMAL,official:status_feeds,2026-09-24,4340.0,4.34,cache,VOLUME_LT_THRESHOLD,4.340 張 < 1000 張,False
6603,富強鑫,TPEx,COMMON_STOCK,official:tpex_main,NORMAL,official:status_feeds,2026-10-02,10861460.0,10861.46,cache,,,True
6609,瀧澤科,TPEx,COMMON_STOCK,official:tpex_main,NORMAL,official:status_feeds,2026-09-24,33156.0,33.156,cache,VOLUME_LT_THRESHOLD,33.156 張 < 1000 張,False
6612,奈米醫材,TPEx,COMMON_STOCK,official:tpex_main,NORMAL,official:status_feeds,2026-09-24,38013.0,38.013,cache,VOLUME_LT_THRESHOLD,38.013 張 < 1000 張,False
6613,朋億*,TPEx,COMMON_STOCK,official:tpex_main,NORMAL,official:status_feeds,2026-09-24,143362.0,143.362,cache,VOLUME_LT_THRESHOLD,143.362 張 < 1000 張,False
6615,慧智,TPEx,COMMON_STOCK,official:tpex_main,NORMAL,official:status_feeds,2026-09-24,259.0,0.259,cache,VOLUME_LT_THRESHOLD,0.259 張 < 1000 張,False
6616,特昇-KY,TPEx,COMMON_STOCK,official:tpex_main,NORMAL,official:status_feeds,2026-09-24,17213.0,17.213,cache,VOLUME_LT_THRESHOLD,17.213 張 < 1000 張,False
6617,共信-KY,TPEx,COMMON_STOCK,official:tpex_main,NORMAL,official:status_feeds,2026-09-24,562780.0,562.78,cache,VOLUME_LT_THRESHOLD,562.780 張 < 1000 張,False
6620,漢達,TPEx,COMMON_STOCK,official:tpex_main,NORMAL,official:status_feeds,2026-10-02,3987437.0,3987.437,cache,,,True
6624,萬年清,TPEx,COMMON_STOCK,official:tpex_main,NORMAL,official:status_feeds,2026-09-24,1006.0,1.006,cache,VOLUME_LT_THRESHOLD,1.006 張 < 1000 張,False
6629,泰金-KY,TPEx,COMMON_STOCK,official:tpex_main,NORMAL,official:status_feeds,2026-09-24,14779.0,14.779,cache,VOLUME_LT_THRESHOLD,14.779 張 < 1000 張,False
6637,醫影,TPEx,COMMON_STOCK,official:tpex_main,NORMAL,official:status_feeds,2026-09-24,17564.0,17.564,cache,VOLUME_LT_THRESHOLD,17.564 張 < 1000 張,False
6640,均華,TPEx,COMMON_STOCK,official:tpex_main,NORMAL,official:status_feeds,2026-09-24,331064.0,331.064,cache,VOLUME_LT_THRESHOLD,331.064 張 < 1000 張,False
6642,富致,TPEx,COMMON_STOCK,official:tpex_main,NORMAL,official:status_feeds,2026-09-24,49127.0,49.127,cache,VOLUME_LT_THRESHOLD,49.127 張 < 1000 張,False
6643,M31,TPEx,COMMON_STOCK,official:tpex_main,NORMAL,official:status_feeds,2026-10-02,815419.0,815.419,cache,VOLUME_LT_THRESHOLD,815.419 張 < 1000 張,False
6649,台生材,TPEx,COMMON_STOCK,official:tpex_main,NORMAL,official:status_feeds,2026-09-24,92863.0,92.863,cache,VOLUME_LT_THRESHOLD,92.863 張 < 1000 張,False
6651,全宇昕,TPEx,COMMON_STOCK,official:tpex_main,NORMAL,official:status_feeds,2026-09-24,316633.0,316.633,cache,VOLUME_LT_THRESHOLD,316.633 張 < 1000 張,False
6654,天正國際,TPEx,COMMON_STOCK,official:tpex_main,NORMAL,official:status_feeds,2026-09-24,21301.0,21.301,cache,VOLUME_LT_THRESHOLD,21.301 張 < 1000 張,False
6661,威健生技,TPEx,COMMON_STOCK,official:tpex_main,NORMAL,official:status_feeds,2026-09-24,5000.0,5.0,cache,VOLUME_LT_THRESHOLD,5.000 張 < 1000 張,False
6662,樂斯科,TPEx,COMMON_STOCK,official:tpex_main,NORMAL,official:status_feeds,2026-09-24,0.0,0.0,cache,VOLUME_LT_THRESHOLD,0.000 張 < 1000 張,False
6664,群翊,TPEx,COMMON_STOCK,official:tpex_main,NORMAL,official:status_feeds,2026-09-24,310191.0,310.191,cache,VOLUME_LT_THRESHOLD,310.191 張 < 1000 張,False
6667,信紘科,TPEx,COMMON_STOCK,official:tpex_main,NORMAL,official:status_feeds,2026-09-24,254815.0,254.815,cache,VOLUME_LT_THRESHOLD,254.815 張 < 1000 張,False
6679,鈺太,TPEx,COMMON_STOCK,official:tpex_main,NORMAL,official:status_feeds,2026-09-24,193122.0,193.122,cache,VOLUME_LT_THRESHOLD,193.122 張 < 1000 張,False
6680,鑫創電子,TPEx,COMMON_STOCK,official:tpex_main,NORMAL,official:status_feeds,2026-09-24,4132.0,4.132,cache,VOLUME_LT_THRESHOLD,4.132 張 < 1000 張,False
6683,雍智科技,TPEx,COMMON_STOCK,official:tpex_main,NORMAL,official:status_feeds,2026-09-24,788422.0,788.422,cache,VOLUME_LT_THRESHOLD,788.422 張 < 1000 張,False
6684,安格,TPEx,COMMON_STOCK,official:tpex_main,NORMAL,official:status_feeds,2026-09-24,64278.0,64.278,cache,VOLUME_LT_THRESHOLD,64.278 張 < 1000 張,False
6690,安碁資訊,TPEx,COMMON_STOCK,official:tpex_main,NORMAL,official:status_feeds,2026-09-24,110003.0,110.003,cache,VOLUME_LT_THRESHOLD,110.003 張 < 1000 張,False
6692,進能服,TPEx,COMMON_STOCK,official:tpex_main,NORMAL,official:status_feeds,2026-09-24,51280.0,51.28,cache,VOLUME_LT_THRESHOLD,51.280 張 < 1000 張,False
6693,廣閎科,TPEx,COMMON_STOCK,official:tpex_main,NORMAL,official:status_feeds,2026-10-02,1491968.0,1491.968,cache,,,True
6697,東捷資訊,TPEx,COMMON_STOCK,official:tpex_main,NORMAL,official:status_feeds,2026-09-24,13287.0,13.287,cache,VOLUME_LT_THRESHOLD,13.287 張 < 1000 張,False
6703,軒郁,TPEx,COMMON_STOCK,official:tpex_main,NORMAL,official:status_feeds,2026-09-24,10371.0,10.371,cache,VOLUME_LT_THRESHOLD,10.371 張 < 1000 張,False
6708,天擎,TPEx,COMMON_STOCK,official:tpex_main,NORMAL,official:status_feeds,2026-09-24,347447.0,347.447,cache,VOLUME_LT_THRESHOLD,347.447 張 < 1000 張,False
6712,長聖,TPEx,COMMON_STOCK,official:tpex_main,NORMAL,official:status_feeds,2026-09-24,205184.0,205.184,cache,VOLUME_LT_THRESHOLD,205.184 張 < 1000 張,False
6716,應廣,TPEx,COMMON_STOCK,official:tpex_main,NORMAL,official:status_feeds,2026-09-24,280946.0,280.946,cache,VOLUME_LT_THRESHOLD,280.946 張 < 1000 張,False
6720,久昌,TPEx,COMMON_STOCK,official:tpex_main,NORMAL,official:status_feeds,2026-09-24,5773.0,5.773,cache,VOLUME_LT_THRESHOLD,5.773 張 < 1000 張,False
6721,信實,TPEx,COMMON_STOCK,official:tpex_main,NORMAL,official:status_feeds,2026-09-24,3145.0,3.145,cache,VOLUME_LT_THRESHOLD,3.145 張 < 1000 張,False
6725,矽科宏晟,TPEx,COMMON_STOCK,official:tpex_main,NORMAL,official:status_feeds,2026-09-24,30455.0,30.455,cache,VOLUME_LT_THRESHOLD,30.455 張 < 1000 張,False
6727,亞泰金屬,TPEx,COMMON_STOCK,official:tpex_main,NORMAL,official:status_feeds,2026-10-02,1906483.0,1906.483,cache,,,True
6728,上洋,TPEx,COMMON_STOCK,official:tpex_main,NORMAL,official:status_feeds,2026-09-24,13047.0,13.047,cache,VOLUME_LT_THRESHOLD,13.047 張 < 1000 張,False
6730,常廣,TPEx,COMMON_STOCK,official:tpex_main,NORMAL,official:status_feeds,2026-09-24,12258.0,12.258,cache,VOLUME_LT_THRESHOLD,12.258 張 < 1000 張,False
6732,昇佳電子,TPEx,COMMON_STOCK,official:tpex_main,NORMAL,official:status_feeds,2026-09-24,28809.0,28.809,cache,VOLUME_LT_THRESHOLD,28.809 張 < 1000 張,False
6733,博晟生醫,TPEx,COMMON_STOCK,official:tpex_main,NORMAL,official:status_feeds,2026-09-24,46055.0,46.055,cache,VOLUME_LT_THRESHOLD,46.055 張 < 1000 張,False
6735,美達科技,TPEx,COMMON_STOCK,official:tpex_main,NORMAL,official:status_feeds,2026-09-24,36035.0,36.035,cache,VOLUME_LT_THRESHOLD,36.035 張 < 1000 張,False
6739,竹陞科技,TPEx,COMMON_STOCK,official:tpex_main,NORMAL,official:status_feeds,2026-09-24,161995.0,161.995,cache,VOLUME_LT_THRESHOLD,161.995 張 < 1000 張,False
6741,91APP*-KY,TPEx,COMMON_STOCK,official:tpex_main,NORMAL,official:status_feeds,2026-09-24,162571.0,162.571,cache,VOLUME_LT_THRESHOLD,162.571 張 < 1000 張,False
6751,智聯服務,TPEx,COMMON_STOCK,official:tpex_main,NORMAL,official:status_feeds,2026-09-24,8159.0,8.159,cache,VOLUME_LT_THRESHOLD,8.159 張 < 1000 張,False
6752,叡揚,TPEx,COMMON_STOCK,official:tpex_main,NORMAL,official:status_feeds,2026-09-24,7579.0,7.579,cache,VOLUME_LT_THRESHOLD,7.579 張 < 1000 張,False
6761,穩得,TPEx,COMMON_STOCK,official:tpex_main,NORMAL,official:status_feeds,2026-09-24,96505.0,96.505,cache,VOLUME_LT_THRESHOLD,96.505 張 < 1000 張,False
6762,達亞,TPEx,COMMON_STOCK,official:tpex_main,NORMAL,official:status_feeds,2026-09-24,3523.0,3.523,cache,VOLUME_LT_THRESHOLD,3.523 張 < 1000 張,False
6763,綠界科技*,TPEx,COMMON_STOCK,official:tpex_main,NORMAL,official:status_feeds,2026-09-24,88323.0,88.323,cache,VOLUME_LT_THRESHOLD,88.323 張 < 1000 張,False
6767,台微醫,TPEx,COMMON_STOCK,official:tpex_main,NORMAL,official:status_feeds,2026-09-24,1000.0,1.0,cache,VOLUME_LT_THRESHOLD,1.000 張 < 1000 張,False
6785,昱展新藥,TPEx,COMMON_STOCK,official:tpex_main,NORMAL,official:status_feeds,2026-09-24,45094.0,45.094,cache,VOLUME_LT_THRESHOLD,45.094 張 < 1000 張,False
6788,華景電,TPEx,COMMON_STOCK,official:tpex_main,NORMAL,official:status_feeds,2026-09-24,71186.0,71.186,cache,VOLUME_LT_THRESHOLD,71.186 張 < 1000 張,False
6791,虎門科技,TPEx,COMMON_STOCK,official:tpex_main,NORMAL,official:status_feeds,2026-09-24,5251.0,5.251,cache,VOLUME_LT_THRESHOLD,5.251 張 < 1000 張,False
6803,崑鼎,TPEx,COMMON_STOCK,official:tpex_main,NORMAL,official:status_feeds,2026-09-24,25092.0,25.092,cache,VOLUME_LT_THRESHOLD,25.092 張 < 1000 張,False
6804,明係,TPEx,COMMON_STOCK,official:tpex_main,NORMAL,official:status_feeds,2026-09-24,47000.0,47.0,cache,VOLUME_LT_THRESHOLD,47.000 張 < 1000 張,False
6811,宏碁資訊,TPEx,COMMON_STOCK,official:tpex_main,NORMAL,official:status_feeds,2026-09-24,286222.0,286.222,cache,VOLUME_LT_THRESHOLD,286.222 張 < 1000 張,False
6821,聯寶,TPEx,COMMON_STOCK,official:tpex_main,NORMAL,official:status_feeds,2026-09-24,31527.0,31.527,cache,VOLUME_LT_THRESHOLD,31.527 張 < 1000 張,False
6823,濾能,TPEx,COMMON_STOCK,official:tpex_main,NORMAL,official:status_feeds,2026-09-24,43212.0,43.212,cache,VOLUME_LT_THRESHOLD,43.212 張 < 1000 張,False
6829,千附精密,TPEx,COMMON_STOCK,official:tpex_main,NORMAL,official:status_feeds,2026-09-24,398437.0,398.437,cache,VOLUME_LT_THRESHOLD,398.437 張 < 1000 張,False
6840,東研信超,TPEx,COMMON_STOCK,official:tpex_main,NORMAL,official:status_feeds,2026-09-24,262118.0,262.118,cache,VOLUME_LT_THRESHOLD,262.118 張 < 1000 張,False
6841,長佳智能,TPEx,COMMON_STOCK,official:tpex_main,NORMAL,official:status_feeds,2026-09-24,137708.0,137.708,cache,VOLUME_LT_THRESHOLD,137.708 張 < 1000 張,False
6843,進典,TPEx,COMMON_STOCK,official:tpex_main,NORMAL,official:status_feeds,2026-09-24,6000.0,6.0,cache,VOLUME_LT_THRESHOLD,6.000 張 < 1000 張,False
6844,諾貝兒,TPEx,COMMON_STOCK,official:tpex_main,NORMAL,official:status_feeds,2026-09-24,9419.0,9.419,cache,VOLUME_LT_THRESHOLD,9.419 張 < 1000 張,False
6846,綠茵,TPEx,COMMON_STOCK,official:tpex_main,NORMAL,official:status_feeds,2026-09-24,1185.0,1.185,cache,VOLUME_LT_THRESHOLD,1.185 張 < 1000 張,False
6855,數泓科,TPEx,COMMON_STOCK,official:tpex_main,NORMAL,official:status_feeds,2026-09-24,17.0,0.017,cache,VOLUME_LT_THRESHOLD,0.017 張 < 1000 張,False
6856,鑫傳,TPEx,COMMON_STOCK,official:tpex_main,NORMAL,official:status_feeds,2026-09-24,12000.0,12.0,cache,VOLUME_LT_THRESHOLD,12.000 張 < 1000 張,False
6859,伯特光,TPEx,COMMON_STOCK,official:tpex_main,NORMAL,official:status_feeds,2026-09-24,35920.0,35.92,cache,VOLUME_LT_THRESHOLD,35.920 張 < 1000 張,False
6865,偉康科技,TPEx,COMMON_STOCK,official:tpex_main,NORMAL,official:status_feeds,2026-09-24,36780.0,36.78,cache,VOLUME_LT_THRESHOLD,36.780 張 < 1000 張,False
6870,騰雲,TPEx,COMMON_STOCK,official:tpex_main,NORMAL,official:status_feeds,2026-09-24,280327.0,280.327,cache,VOLUME_LT_THRESHOLD,280.327 張 < 1000 張,False
6872,浩宇生醫,TPEx,COMMON_STOCK,official:tpex_main,NORMAL,official:status_feeds,2026-09-24,204678.0,204.678,cache,VOLUME_LT_THRESHOLD,204.678 張 < 1000 張,False
6874,倍力,TPEx,COMMON_STOCK,official:tpex_main,NORMAL,official:status_feeds,2026-09-24,16000.0,16.0,cache,VOLUME_LT_THRESHOLD,16.000 張 < 1000 張,False
6875,國邑*,TPEx,COMMON_STOCK,official:tpex_main,NORMAL,official:status_feeds,2026-09-24,125214.0,125.214,cache,VOLUME_LT_THRESHOLD,125.214 張 < 1000 張,False
6877,鏵友益,TPEx,COMMON_STOCK,official:tpex_main,NORMAL,official:status_feeds,2026-09-24,22624.0,22.624,cache,VOLUME_LT_THRESHOLD,22.624 張 < 1000 張,False
6881,潤德,TPEx,COMMON_STOCK,official:tpex_main,NORMAL,official:status_feeds,2026-09-24,1470.0,1.47,cache,VOLUME_LT_THRESHOLD,1.470 張 < 1000 張,False
6884,海柏特,TPEx,COMMON_STOCK,official:tpex_main,NORMAL,official:status_feeds,2026-09-24,5032.0,5.032,cache,VOLUME_LT_THRESHOLD,5.032 張 < 1000 張,False
6894,衛司特,TPEx,COMMON_STOCK,official:tpex_main,NORMAL,official:status_feeds,2026-09-24,47144.0,47.144,cache,VOLUME_LT_THRESHOLD,47.144 張 < 1000 張,False
6895,宏碩系統,TPEx,COMMON_STOCK,official:tpex_main,NORMAL,official:status_feeds,2026-09-24,33566.0,33.566,cache,VOLUME_LT_THRESHOLD,33.566 張 < 1000 張,False
6899,創為精密,TPEx,COMMON_STOCK,official:tpex_main,NORMAL,official:status_feeds,2026-09-24,5100.0,5.1,cache,VOLUME_LT_THRESHOLD,5.100 張 < 1000 張,False
6903,巨漢,TPEx,COMMON_STOCK,official:tpex_main,NORMAL,official:status_feeds,2026-09-24,166377.0,166.377,cache,VOLUME_LT_THRESHOLD,166.377 張 < 1000 張,False
6904,伯鑫,TPEx,COMMON_STOCK,official:tpex_main,NORMAL,official:status_feeds,2026-09-24,99.0,0.099,cache,VOLUME_LT_THRESHOLD,0.099 張 < 1000 張,False
6907,雅特力-KY,TPEx,COMMON_STOCK,official:tpex_main,NORMAL,official:status_feeds,2026-09-24,402744.0,402.744,cache,VOLUME_LT_THRESHOLD,402.744 張 < 1000 張,False
6910,德鴻,TPEx,COMMON_STOCK,official:tpex_main,NORMAL,official:status_feeds,2026-09-24,20191.0,20.191,cache,VOLUME_LT_THRESHOLD,20.191 張 < 1000 張,False
6913,鴻呈,TPEx,COMMON_STOCK,official:tpex_main,NORMAL,official:status_feeds,2026-09-24,96071.0,96.071,cache,VOLUME_LT_THRESHOLD,96.071 張 < 1000 張,False
6922,宸曜,TPEx,COMMON_STOCK,official:tpex_main,NORMAL,official:status_feeds,2026-09-24,269336.0,269.336,cache,VOLUME_LT_THRESHOLD,269.336 張 < 1000 張,False
6925,意藍,TPEx,COMMON_STOCK,official:tpex_main,NORMAL,official:status_feeds,2026-10-01,947361.0,947.361,cache,VOLUME_LT_THRESHOLD,947.361 張 < 1000 張,False
6929,佑全,TPEx,COMMON_STOCK,official:tpex_main,NORMAL,official:status_feeds,2026-09-24,0.0,0.0,cache,VOLUME_LT_THRESHOLD,0.000 張 < 1000 張,False
6945,圓祥生技,TPEx,COMMON_STOCK,official:tpex_main,NORMAL,official:status_feeds,2026-09-24,224698.0,224.698,cache,VOLUME_LT_THRESHOLD,224.698 張 < 1000 張,False
6953,家碩,TPEx,COMMON_STOCK,official:tpex_main,NORMAL,official:status_feeds,2026-09-24,4518.0,4.518,cache,VOLUME_LT_THRESHOLD,4.518 張 < 1000 張,False
6961,旅天下,TPEx,COMMON_STOCK,official:tpex_main,NORMAL,official:status_feeds,2026-09-24,15161.0,15.161,cache,VOLUME_LT_THRESHOLD,15.161 張 < 1000 張,False
6967,汎瑋材料,TPEx,COMMON_STOCK,official:tpex_main,NORMAL,official:status_feeds,2026-09-24,70568.0,70.568,cache,VOLUME_LT_THRESHOLD,70.568 張 < 1000 張,False
6968,萬達寵物,TPEx,COMMON_STOCK,official:tpex_main,NORMAL,official:status_feeds,2026-09-24,18489.0,18.489,cache,VOLUME_LT_THRESHOLD,18.489 張 < 1000 張,False
6971,惠民實業,TPEx,COMMON_STOCK,official:tpex_main,NORMAL,official:status_feeds,2026-09-24,9000.0,9.0,cache,VOLUME_LT_THRESHOLD,9.000 張 < 1000 張,False
6982,大井泵浦,TPEx,COMMON_STOCK,official:tpex_main,NORMAL,official:status_feeds,2026-09-24,14092.0,14.092,cache,VOLUME_LT_THRESHOLD,14.092 張 < 1000 張,False
6983,華洋精機,TPEx,COMMON_STOCK,official:tpex_main,NORMAL,official:status_feeds,2026-09-24,20377.0,20.377,cache,VOLUME_LT_THRESHOLD,20.377 張 < 1000 張,False
6986,和迅,TPEx,COMMON_STOCK,official:tpex_main,NORMAL,official:status_feeds,2026-09-24,44074.0,44.074,cache,VOLUME_LT_THRESHOLD,44.074 張 < 1000 張,False
6996,力領科技,TPEx,COMMON_STOCK,official:tpex_main,NORMAL,official:status_feeds,2026-09-24,11200.0,11.2,cache,VOLUME_LT_THRESHOLD,11.200 張 < 1000 張,False
6997,博弘,TPEx,COMMON_STOCK,official:tpex_main,NORMAL,official:status_feeds,2026-09-24,22132.0,22.132,cache,VOLUME_LT_THRESHOLD,22.132 張 < 1000 張,False
7402,邑錡,TPEx,COMMON_STOCK,official:tpex_main,NORMAL,official:status_feeds,2026-09-24,89575.0,89.575,cache,VOLUME_LT_THRESHOLD,89.575 張 < 1000 張,False
7547,碩網,TPEx,COMMON_STOCK,official:tpex_main,NORMAL,official:status_feeds,2026-09-24,272247.0,272.247,cache,VOLUME_LT_THRESHOLD,272.247 張 < 1000 張,False
7556,意德士,TPEx,COMMON_STOCK,official:tpex_main,NORMAL,official:status_feeds,2026-09-24,27103.0,27.103,cache,VOLUME_LT_THRESHOLD,27.103 張 < 1000 張,False
7584,樂意,TPEx,COMMON_STOCK,official:tpex_main,NORMAL,official:status_feeds,2026-09-24,5100.0,5.1,cache,VOLUME_LT_THRESHOLD,5.100 張 < 1000 張,False
7642,昶瑞機電,TPEx,COMMON_STOCK,official:tpex_main,NORMAL,official:status_feeds,2026-09-24,16236.0,16.236,cache,VOLUME_LT_THRESHOLD,16.236 張 < 1000 張,False
7703,銳澤,TPEx,COMMON_STOCK,official:tpex_main,NORMAL,official:status_feeds,2026-09-24,109809.0,109.809,cache,VOLUME_LT_THRESHOLD,109.809 張 < 1000 張,False
7704,明遠精密,TPEx,COMMON_STOCK,official:tpex_main,NORMAL,official:status_feeds,2026-09-24,11053.0,11.053,cache,VOLUME_LT_THRESHOLD,11.053 張 < 1000 張,False
7708,全家餐飲,TPEx,COMMON_STOCK,official:tpex_main,NORMAL,official:status_feeds,2026-09-24,6862.0,6.862,cache,VOLUME_LT_THRESHOLD,6.862 張 < 1000 張,False
7709,榮田,TPEx,COMMON_STOCK,official:tpex_main,NORMAL,official:status_feeds,2026-09-24,131951.0,131.951,cache,VOLUME_LT_THRESHOLD,131.951 張 < 1000 張,False
7712,博盛半導體,TPEx,COMMON_STOCK,official:tpex_main,NORMAL,official:status_feeds,2026-09-24,310934.0,310.934,cache,VOLUME_LT_THRESHOLD,310.934 張 < 1000 張,False
7713,威力德生醫,TPEx,COMMON_STOCK,official:tpex_main,NORMAL,official:status_feeds,2026-09-24,5057.0,5.057,cache,VOLUME_LT_THRESHOLD,5.057 張 < 1000 張,False
7714,創泓科技,TPEx,COMMON_STOCK,official:tpex_main,NORMAL,official:status_feeds,2026-09-24,145366.0,145.366,cache,VOLUME_LT_THRESHOLD,145.366 張 < 1000 張,False
7715,裕山,TPEx,COMMON_STOCK,official:tpex_main,NORMAL,official:status_feeds,2026-09-24,64025.0,64.025,cache,VOLUME_LT_THRESHOLD,64.025 張 < 1000 張,False
7716,昱臺國際,TPEx,COMMON_STOCK,official:tpex_main,NORMAL,official:status_feeds,2026-09-24,2000.0,2.0,cache,VOLUME_LT_THRESHOLD,2.000 張 < 1000 張,False
7717,萊德光電-KY,TPEx,COMMON_STOCK,official:tpex_main,NORMAL,official:status_feeds,2026-09-24,586139.0,586.139,cache,VOLUME_LT_THRESHOLD,586.139 張 < 1000 張,False
7718,友鋮,TPEx,COMMON_STOCK,official:tpex_main,NORMAL,official:status_feeds,2026-09-24,7000.0,7.0,cache,VOLUME_LT_THRESHOLD,7.000 張 < 1000 張,False
7723,築間,TPEx,COMMON_STOCK,official:tpex_main,NORMAL,official:status_feeds,2026-09-24,24300.0,24.3,cache,VOLUME_LT_THRESHOLD,24.300 張 < 1000 張,False
7728,光焱科技,TPEx,COMMON_STOCK,official:tpex_main,NORMAL,official:status_feeds,2026-09-24,35226.0,35.226,cache,VOLUME_LT_THRESHOLD,35.226 張 < 1000 張,False
7734,印能科技,TPEx,COMMON_STOCK,official:tpex_main,NORMAL,official:status_feeds,2026-09-24,236759.0,236.759,cache,VOLUME_LT_THRESHOLD,236.759 張 < 1000 張,False
7738,東聯互動,TPEx,COMMON_STOCK,official:tpex_main,NORMAL,official:status_feeds,2026-09-24,6567.0,6.567,cache,VOLUME_LT_THRESHOLD,6.567 張 < 1000 張,False
7743,金利食安,TPEx,COMMON_STOCK,official:tpex_main,NORMAL,official:status_feeds,2026-09-24,74640.0,74.64,cache,VOLUME_LT_THRESHOLD,74.640 張 < 1000 張,False
7744,崴寶,TPEx,COMMON_STOCK,official:tpex_main,NORMAL,official:status_feeds,2026-09-24,104478.0,104.478,cache,VOLUME_LT_THRESHOLD,104.478 張 < 1000 張,False
7747,昕奇雲端,TPEx,COMMON_STOCK,official:tpex_main,NORMAL,official:status_feeds,2026-09-24,1020.0,1.02,cache,VOLUME_LT_THRESHOLD,1.020 張 < 1000 張,False
7751,竑騰,TPEx,COMMON_STOCK,official:tpex_main,NORMAL,official:status_feeds,2026-09-24,177060.0,177.06,cache,VOLUME_LT_THRESHOLD,177.060 張 < 1000 張,False
7753,星亞,TPEx,COMMON_STOCK,official:tpex_main,NORMAL,official:status_feeds,2026-09-24,4012.0,4.012,cache,VOLUME_LT_THRESHOLD,4.012 張 < 1000 張,False
7757,金色三麥,TPEx,COMMON_STOCK,official:tpex_main,NORMAL,official:status_feeds,2026-09-24,68511.0,68.511,cache,VOLUME_LT_THRESHOLD,68.511 張 < 1000 張,False
7767,仁大資訊,TPEx,COMMON_STOCK,official:tpex_main,NORMAL,official:status_feeds,2026-09-24,16110.0,16.11,cache,VOLUME_LT_THRESHOLD,16.110 張 < 1000 張,False
7770,君曜,TPEx,COMMON_STOCK,official:tpex_main,NORMAL,official:status_feeds,2026-09-24,1011.0,1.011,cache,VOLUME_LT_THRESHOLD,1.011 張 < 1000 張,False
7772,耀穎,TPEx,COMMON_STOCK,official:tpex_main,DISPOSAL,official:disposal,,,,unavailable,STATUS_DISPOSAL,交易狀態：DISPOSAL,False
7777,能率亞洲,TPEx,COMMON_STOCK,official:tpex_main,NORMAL,official:status_feeds,2026-09-24,572924.0,572.924,cache,VOLUME_LT_THRESHOLD,572.924 張 < 1000 張,False
7782,光速火箭,TPEx,COMMON_STOCK,official:tpex_main,NORMAL,official:status_feeds,2026-09-24,275.0,0.275,cache,VOLUME_LT_THRESHOLD,0.275 張 < 1000 張,False
7792,安葆,TPEx,COMMON_STOCK,official:tpex_main,DISPOSAL,official:disposal,,,,unavailable,STATUS_DISPOSAL,交易狀態：DISPOSAL,False
7794,宏碁智新,TPEx,COMMON_STOCK,official:tpex_main,NORMAL,official:status_feeds,2026-09-24,18164.0,18.164,cache,VOLUME_LT_THRESHOLD,18.164 張 < 1000 張,False
7805,威聯通,TPEx,COMMON_STOCK,official:tpex_main,NORMAL,official:status_feeds,2026-09-24,22546.0,22.546,cache,VOLUME_LT_THRESHOLD,22.546 張 < 1000 張,False
7810,捷創科技,TPEx,COMMON_STOCK,official:tpex_main,NORMAL,official:status_feeds,2026-09-24,208237.0,208.237,cache,VOLUME_LT_THRESHOLD,208.237 張 < 1000 張,False
7811,民盛,TPEx,COMMON_STOCK,official:tpex_main,NORMAL,official:status_feeds,2026-09-24,11014.0,11.014,cache,VOLUME_LT_THRESHOLD,11.014 張 < 1000 張,False
7814,海昌生技,TPEx,COMMON_STOCK,official:tpex_main,NORMAL,official:status_feeds,2026-09-24,27035.0,27.035,cache,VOLUME_LT_THRESHOLD,27.035 張 < 1000 張,False
7819,精誠金融,TPEx,COMMON_STOCK,official:tpex_main,NORMAL,official:status_feeds,2026-09-24,2003.0,2.003,cache,VOLUME_LT_THRESHOLD,2.003 張 < 1000 張,False
7820,立盈,TPEx,COMMON_STOCK,official:tpex_main,NORMAL,official:status_feeds,2026-09-24,19386.0,19.386,cache,VOLUME_LT_THRESHOLD,19.386 張 < 1000 張,False
7825,和亞智慧,TPEx,COMMON_STOCK,official:tpex_main,NORMAL,official:status_feeds,2026-09-24,578878.0,578.878,cache,VOLUME_LT_THRESHOLD,578.878 張 < 1000 張,False
7828,創新服務,TPEx,COMMON_STOCK,official:tpex_main,NORMAL,official:status_feeds,2026-09-24,150036.0,150.036,cache,VOLUME_LT_THRESHOLD,150.036 張 < 1000 張,False
7839,達人網,TPEx,COMMON_STOCK,official:tpex_main,NORMAL,official:status_feeds,2026-09-24,15312.0,15.312,cache,VOLUME_LT_THRESHOLD,15.312 張 < 1000 張,False
7842,天能綠電,TPEx,COMMON_STOCK,official:tpex_main,NORMAL,official:status_feeds,2026-09-24,2148.0,2.148,cache,VOLUME_LT_THRESHOLD,2.148 張 < 1000 張,False
7856,漢測,TPEx,COMMON_STOCK,official:tpex_main,NORMAL,official:status_feeds,2026-09-24,275196.0,275.196,cache,VOLUME_LT_THRESHOLD,275.196 張 < 1000 張,False
8024,佑華,TPEx,COMMON_STOCK,official:tpex_main,NORMAL,official:status_feeds,2026-09-24,43221.0,43.221,cache,VOLUME_LT_THRESHOLD,43.221 張 < 1000 張,False
8027,鈦昇,TPEx,COMMON_STOCK,official:tpex_main,NORMAL,official:status_feeds,2026-10-02,5424690.0,5424.69,cache,,,True
8032,光菱,TPEx,COMMON_STOCK,official:tpex_main,NORMAL,official:status_feeds,2026-09-24,15398.0,15.398,cache,VOLUME_LT_THRESHOLD,15.398 張 < 1000 張,False
8034,榮群,TPEx,COMMON_STOCK,official:tpex_main,NORMAL,official:status_feeds,2026-09-24,119033.0,119.033,cache,VOLUME_LT_THRESHOLD,119.033 張 < 1000 張,False
8038,長園科,TPEx,COMMON_STOCK,official:tpex_main,NORMAL,official:status_feeds,2026-09-24,97545.0,97.545,cache,VOLUME_LT_THRESHOLD,97.545 張 < 1000 張,False
8040,九暘,TPEx,COMMON_STOCK,official:tpex_main,NORMAL,official:status_feeds,2026-10-02,1724731.0,1724.731,cache,,,True
8042,金山電,TPEx,COMMON_STOCK,official:tpex_main,NORMAL,official:status_feeds,2026-10-02,11091399.0,11091.399,cache,,,True
8043,蜜望實,TPEx,COMMON_STOCK,official:tpex_main,NORMAL,official:status_feeds,2026-10-02,6188481.0,6188.481,cache,,,True
8044,網家,TPEx,COMMON_STOCK,official:tpex_main,NORMAL,official:status_feeds,2026-09-24,128983.0,128.983,cache,VOLUME_LT_THRESHOLD,128.983 張 < 1000 張,False
8047,星雲,TPEx,COMMON_STOCK,official:tpex_main,NORMAL,official:status_feeds,2026-09-24,97579.0,97.579,cache,VOLUME_LT_THRESHOLD,97.579 張 < 1000 張,False
8048,德勝,TPEx,COMMON_STOCK,official:tpex_main,NORMAL,official:status_feeds,2026-09-24,54914.0,54.914,cache,VOLUME_LT_THRESHOLD,54.914 張 < 1000 張,False
8049,晶采,TPEx,COMMON_STOCK,official:tpex_main,NORMAL,official:status_feeds,2026-09-24,31072.0,31.072,cache,VOLUME_LT_THRESHOLD,31.072 張 < 1000 張,False
8050,廣積,TPEx,COMMON_STOCK,official:tpex_main,NORMAL,official:status_feeds,2026-10-02,1491175.0,1491.175,cache,,,True
8054,安國,TPEx,COMMON_STOCK,official:tpex_main,NORMAL,official:status_feeds,2026-09-24,364485.0,364.485,cache,VOLUME_LT_THRESHOLD,364.485 張 < 1000 張,False
8059,凱碩,TPEx,COMMON_STOCK,official:tpex_main,NORMAL,official:status_feeds,2026-09-24,182574.0,182.574,cache,VOLUME_LT_THRESHOLD,182.574 張 < 1000 張,False
8064,東捷,TPEx,COMMON_STOCK,official:tpex_main,NORMAL,official:status_feeds,2026-10-02,5330316.0,5330.316,cache,,,True
8066,來思達,TPEx,COMMON_STOCK,official:tpex_main,NORMAL,official:status_feeds,2026-09-24,18883.0,18.883,cache,VOLUME_LT_THRESHOLD,18.883 張 < 1000 張,False
8067,志旭,TPEx,COMMON_STOCK,official:tpex_main,NORMAL,official:status_feeds,2026-09-24,10012.0,10.012,cache,VOLUME_LT_THRESHOLD,10.012 張 < 1000 張,False
8068,全達,TPEx,COMMON_STOCK,official:tpex_main,NORMAL,official:status_feeds,2026-09-24,456043.0,456.043,cache,VOLUME_LT_THRESHOLD,456.043 張 < 1000 張,False
8069,元太,TPEx,COMMON_STOCK,official:tpex_main,NORMAL,official:status_feeds,2026-10-02,5802334.0,5802.334,cache,,,True
8071,能率網通,TPEx,COMMON_STOCK,official:tpex_main,NORMAL,official:status_feeds,2026-09-24,182023.0,182.023,cache,VOLUME_LT_THRESHOLD,182.023 張 < 1000 張,False
8074,鉅橡,TPEx,COMMON_STOCK,official:tpex_main,NORMAL,official:status_feeds,2026-09-24,199593.0,199.593,cache,VOLUME_LT_THRESHOLD,199.593 張 < 1000 張,False
8076,伍豐,TPEx,COMMON_STOCK,official:tpex_main,NORMAL,official:status_feeds,2026-09-24,504925.0,504.925,cache,VOLUME_LT_THRESHOLD,504.925 張 < 1000 張,False
8077,洛碁,TPEx,COMMON_STOCK,official:tpex_main,NORMAL,official:status_feeds,2026-09-24,2041.0,2.041,cache,VOLUME_LT_THRESHOLD,2.041 張 < 1000 張,False
8080,泰霖,TPEx,COMMON_STOCK,official:tpex_main,NORMAL,official:status_feeds,2026-09-24,8101.0,8.101,cache,VOLUME_LT_THRESHOLD,8.101 張 < 1000 張,False
8083,瑞穎,TPEx,COMMON_STOCK,official:tpex_main,NORMAL,official:status_feeds,2026-09-24,25117.0,25.117,cache,VOLUME_LT_THRESHOLD,25.117 張 < 1000 張,False
8084,巨虹,TPEx,COMMON_STOCK,official:tpex_main,DISPOSAL,official:disposal,,,,unavailable,STATUS_DISPOSAL,交易狀態：DISPOSAL,False
8085,福華,TPEx,COMMON_STOCK,official:tpex_main,NORMAL,official:status_feeds,2026-09-24,122653.0,122.653,cache,VOLUME_LT_THRESHOLD,122.653 張 < 1000 張,False
8086,宏捷科,TPEx,COMMON_STOCK,official:tpex_main,NORMAL,official:status_feeds,2026-10-02,8552848.0,8552.848,cache,,,True
8087,麗升能源,TPEx,COMMON_STOCK,official:tpex_main,NORMAL,official:status_feeds,2026-09-24,63360.0,63.36,cache,VOLUME_LT_THRESHOLD,63.360 張 < 1000 張,False
8088,品安,TPEx,COMMON_STOCK,official:tpex_main,NORMAL,official:status_feeds,2026-09-24,226378.0,226.378,cache,VOLUME_LT_THRESHOLD,226.378 張 < 1000 張,False
8089,康全電訊,TPEx,COMMON_STOCK,official:tpex_main,NORMAL,official:status_feeds,2026-09-24,94902.0,94.902,cache,VOLUME_LT_THRESHOLD,94.902 張 < 1000 張,False
8091,翔名,TPEx,COMMON_STOCK,official:tpex_main,NORMAL,official:status_feeds,2026-09-24,146820.0,146.82,cache,VOLUME_LT_THRESHOLD,146.820 張 < 1000 張,False
8092,建暐,TPEx,COMMON_STOCK,official:tpex_main,NORMAL,official:status_feeds,2026-09-24,34007.0,34.007,cache,VOLUME_LT_THRESHOLD,34.007 張 < 1000 張,False
8093,保銳,TPEx,COMMON_STOCK,official:tpex_main,NORMAL,official:status_feeds,2026-09-24,56073.0,56.073,cache,VOLUME_LT_THRESHOLD,56.073 張 < 1000 張,False
8096,擎亞,TPEx,COMMON_STOCK,official:tpex_main,NORMAL,official:status_feeds,2026-10-02,2066731.0,2066.731,cache,,,True
8097,常珵,TPEx,COMMON_STOCK,official:tpex_main,NORMAL,official:status_feeds,2026-09-24,51212.0,51.212,cache,VOLUME_LT_THRESHOLD,51.212 張 < 1000 張,False
8099,大世科,TPEx,COMMON_STOCK,official:tpex_main,NORMAL,official:status_feeds,2026-09-24,22597.0,22.597,cache,VOLUME_LT_THRESHOLD,22.597 張 < 1000 張,False
8102,傑霖科技,TPEx,COMMON_STOCK,official:tpex_main,NORMAL,official:status_feeds,2026-09-24,10047.0,10.047,cache,VOLUME_LT_THRESHOLD,10.047 張 < 1000 張,False
8107,大億金茂,TPEx,COMMON_STOCK,official:tpex_main,NORMAL,official:status_feeds,2026-09-24,38586.0,38.586,cache,VOLUME_LT_THRESHOLD,38.586 張 < 1000 張,False
8109,博大,TPEx,COMMON_STOCK,official:tpex_main,NORMAL,official:status_feeds,2026-09-24,296345.0,296.345,cache,VOLUME_LT_THRESHOLD,296.345 張 < 1000 張,False
8111,立碁,TPEx,COMMON_STOCK,official:tpex_main,NORMAL,official:status_feeds,2026-10-02,23659567.0,23659.567,cache,,,True
8121,越峰,TPEx,COMMON_STOCK,official:tpex_main,NORMAL,official:status_feeds,2026-10-02,2905047.0,2905.047,cache,,,True
8147,正淩,TPEx,COMMON_STOCK,official:tpex_main,NORMAL,official:status_feeds,2026-09-24,80939.0,80.939,cache,VOLUME_LT_THRESHOLD,80.939 張 < 1000 張,False
8155,博智,TPEx,COMMON_STOCK,official:tpex_main,NORMAL,official:status_feeds,2026-09-24,994614.0,994.614,cache,VOLUME_LT_THRESHOLD,994.614 張 < 1000 張,False
8171,天宇,TPEx,COMMON_STOCK,official:tpex_main,NORMAL,official:status_feeds,2026-09-24,94300.0,94.3,cache,VOLUME_LT_THRESHOLD,94.300 張 < 1000 張,False
8176,智捷,TPEx,COMMON_STOCK,official:tpex_main,NORMAL,official:status_feeds,2026-09-24,7910.0,7.91,cache,VOLUME_LT_THRESHOLD,7.910 張 < 1000 張,False
8182,加高,TPEx,COMMON_STOCK,official:tpex_main,NORMAL,official:status_feeds,2026-09-24,887139.0,887.139,cache,VOLUME_LT_THRESHOLD,887.139 張 < 1000 張,False
8227,巨有科技,TPEx,COMMON_STOCK,official:tpex_main,DISPOSAL,official:disposal,,,,unavailable,STATUS_DISPOSAL,交易狀態：DISPOSAL,False
8234,新漢,TPEx,COMMON_STOCK,official:tpex_main,NORMAL,official:status_feeds,2026-09-24,188008.0,188.008,cache,VOLUME_LT_THRESHOLD,188.008 張 < 1000 張,False
8240,華宏,TPEx,COMMON_STOCK,official:tpex_main,NORMAL,official:status_feeds,2026-10-02,2774448.0,2774.448,cache,,,True
8255,朋程,TPEx,COMMON_STOCK,official:tpex_main,NORMAL,official:status_feeds,2026-09-24,347669.0,347.669,cache,VOLUME_LT_THRESHOLD,347.669 張 < 1000 張,False
8272,全景軟體,TPEx,COMMON_STOCK,official:tpex_main,NORMAL,official:status_feeds,2026-09-24,10251.0,10.251,cache,VOLUME_LT_THRESHOLD,10.251 張 < 1000 張,False
8277,商丞,TPEx,COMMON_STOCK,official:tpex_main,ABNORMAL,official:tpex_cmode,,,,unavailable,STATUS_ABNORMAL,交易狀態：ABNORMAL,False
8279,生展,TPEx,COMMON_STOCK,official:tpex_main,NORMAL,official:status_feeds,2026-09-24,14140.0,14.14,cache,VOLUME_LT_THRESHOLD,14.140 張 < 1000 張,False
8284,三竹,TPEx,COMMON_STOCK,official:tpex_main,NORMAL,official:status_feeds,2026-09-24,7461.0,7.461,cache,VOLUME_LT_THRESHOLD,7.461 張 < 1000 張,False
8289,泰藝,TPEx,COMMON_STOCK,official:tpex_main,NORMAL,official:status_feeds,2026-09-24,519074.0,519.074,cache,VOLUME_LT_THRESHOLD,519.074 張 < 1000 張,False
8291,尚茂,TPEx,COMMON_STOCK,official:tpex_main,ABNORMAL,official:tpex_cmode,,,,unavailable,STATUS_ABNORMAL,交易狀態：ABNORMAL,False
8299,群聯,TPEx,COMMON_STOCK,official:tpex_main,NORMAL,official:status_feeds,2026-10-02,2181073.0,2181.073,cache,,,True
8342,益張,TPEx,COMMON_STOCK,official:tpex_main,NORMAL,official:status_feeds,2026-09-24,1436.0,1.436,cache,VOLUME_LT_THRESHOLD,1.436 張 < 1000 張,False
8349,恒耀,TPEx,COMMON_STOCK,official:tpex_main,NORMAL,official:status_feeds,2026-09-24,230894.0,230.894,cache,VOLUME_LT_THRESHOLD,230.894 張 < 1000 張,False
8354,冠好,TPEx,COMMON_STOCK,official:tpex_main,NORMAL,official:status_feeds,2026-09-24,20833.0,20.833,cache,VOLUME_LT_THRESHOLD,20.833 張 < 1000 張,False
8358,金居,TPEx,COMMON_STOCK,official:tpex_main,NORMAL,official:status_feeds,2026-10-02,20101469.0,20101.469,cache,,,True
8383,千附,TPEx,COMMON_STOCK,official:tpex_main,NORMAL,official:status_feeds,2026-10-02,555778.0,555.778,cache,VOLUME_LT_THRESHOLD,555.778 張 < 1000 張,False
8390,金益鼎,TPEx,COMMON_STOCK,official:tpex_main,NORMAL,official:status_feeds,2026-09-24,294281.0,294.281,cache,VOLUME_LT_THRESHOLD,294.281 張 < 1000 張,False
8401,白紗科,TPEx,COMMON_STOCK,official:tpex_main,NORMAL,official:status_feeds,2026-09-24,21093.0,21.093,cache,VOLUME_LT_THRESHOLD,21.093 張 < 1000 張,False
8403,盛弘,TPEx,COMMON_STOCK,official:tpex_main,NORMAL,official:status_feeds,2026-09-24,40030.0,40.03,cache,VOLUME_LT_THRESHOLD,40.030 張 < 1000 張,False
8409,商之器,TPEx,COMMON_STOCK,official:tpex_main,NORMAL,official:status_feeds,2026-09-24,4058.0,4.058,cache,VOLUME_LT_THRESHOLD,4.058 張 < 1000 張,False
8410,森田,TPEx,COMMON_STOCK,official:tpex_main,NORMAL,official:status_feeds,2026-09-24,166370.0,166.37,cache,VOLUME_LT_THRESHOLD,166.370 張 < 1000 張,False
8415,大國鋼,TPEx,COMMON_STOCK,official:tpex_main,NORMAL,official:status_feeds,2026-09-24,196652.0,196.652,cache,VOLUME_LT_THRESHOLD,196.652 張 < 1000 張,False
8416,實威,TPEx,COMMON_STOCK,official:tpex_main,NORMAL,official:status_feeds,2026-09-24,9947.0,9.947,cache,VOLUME_LT_THRESHOLD,9.947 張 < 1000 張,False
8421,旭源,TPEx,COMMON_STOCK,official:tpex_main,NORMAL,official:status_feeds,2026-09-24,38592.0,38.592,cache,VOLUME_LT_THRESHOLD,38.592 張 < 1000 張,False
8423,保綠-KY,TPEx,COMMON_STOCK,official:tpex_main,NORMAL,official:status_feeds,2026-09-24,10022.0,10.022,cache,VOLUME_LT_THRESHOLD,10.022 張 < 1000 張,False
8424,惠普,TPEx,COMMON_STOCK,official:tpex_main,NORMAL,official:status_feeds,2026-09-24,100200.0,100.2,cache,VOLUME_LT_THRESHOLD,100.200 張 < 1000 張,False
8426,紅木-KY,TPEx,COMMON_STOCK,official:tpex_main,NORMAL,official:status_feeds,2026-09-24,19004.0,19.004,cache,VOLUME_LT_THRESHOLD,19.004 張 < 1000 張,False
8431,匯鑽科,TPEx,COMMON_STOCK,official:tpex_main,NORMAL,official:status_feeds,2026-09-24,655497.0,655.497,cache,VOLUME_LT_THRESHOLD,655.497 張 < 1000 張,False
8432,東生華,TPEx,COMMON_STOCK,official:tpex_main,NORMAL,official:status_feeds,2026-09-24,36006.0,36.006,cache,VOLUME_LT_THRESHOLD,36.006 張 < 1000 張,False
8433,弘帆,TPEx,COMMON_STOCK,official:tpex_main,NORMAL,official:status_feeds,2026-09-24,28081.0,28.081,cache,VOLUME_LT_THRESHOLD,28.081 張 < 1000 張,False
8435,鉅邁,TPEx,COMMON_STOCK,official:tpex_main,NORMAL,official:status_feeds,2026-09-24,23912.0,23.912,cache,VOLUME_LT_THRESHOLD,23.912 張 < 1000 張,False
8436,大江,TPEx,COMMON_STOCK,official:tpex_main,NORMAL,official:status_feeds,2026-09-24,382454.0,382.454,cache,VOLUME_LT_THRESHOLD,382.454 張 < 1000 張,False
8437,大地-KY,TPEx,COMMON_STOCK,official:tpex_main,NORMAL,official:status_feeds,2026-09-24,295305.0,295.305,cache,VOLUME_LT_THRESHOLD,295.305 張 < 1000 張,False
8440,綠電,TPEx,COMMON_STOCK,official:tpex_main,NORMAL,official:status_feeds,2026-09-24,35484.0,35.484,cache,VOLUME_LT_THRESHOLD,35.484 張 < 1000 張,False
8444,綠河-KY,TPEx,COMMON_STOCK,official:tpex_main,ABNORMAL,official:tpex_cmode,,,,unavailable,STATUS_ABNORMAL,交易狀態：ABNORMAL,False
8446,華研,TPEx,COMMON_STOCK,official:tpex_main,NORMAL,official:status_feeds,2026-09-24,3131.0,3.131,cache,VOLUME_LT_THRESHOLD,3.131 張 < 1000 張,False
8450,霹靂,TPEx,COMMON_STOCK,official:tpex_main,NORMAL,official:status_feeds,2026-09-24,30737.0,30.737,cache,VOLUME_LT_THRESHOLD,30.737 張 < 1000 張,False
8455,大拓-KY,TPEx,COMMON_STOCK,official:tpex_main,NORMAL,official:status_feeds,2026-09-24,7112.0,7.112,cache,VOLUME_LT_THRESHOLD,7.112 張 < 1000 張,False
8472,納維康,TPEx,COMMON_STOCK,official:tpex_main,NORMAL,official:status_feeds,2026-09-24,2010.0,2.01,cache,VOLUME_LT_THRESHOLD,2.010 張 < 1000 張,False
8477,創業家,TPEx,COMMON_STOCK,official:tpex_main,NORMAL,official:status_feeds,2026-09-24,6005.0,6.005,cache,VOLUME_LT_THRESHOLD,6.005 張 < 1000 張,False
8489,三貝德,TPEx,COMMON_STOCK,official:tpex_main,NORMAL,official:status_feeds,2026-09-24,34507.0,34.507,cache,VOLUME_LT_THRESHOLD,34.507 張 < 1000 張,False
8905,裕國,TPEx,COMMON_STOCK,official:tpex_main,NORMAL,official:status_feeds,2026-09-24,2430.0,2.43,cache,VOLUME_LT_THRESHOLD,2.430 張 < 1000 張,False
8906,花王,TPEx,COMMON_STOCK,official:tpex_main,NORMAL,official:status_feeds,2026-09-24,15604.0,15.604,cache,VOLUME_LT_THRESHOLD,15.604 張 < 1000 張,False
8908,欣雄,TPEx,COMMON_STOCK,official:tpex_main,NORMAL,official:status_feeds,2026-09-24,38048.0,38.048,cache,VOLUME_LT_THRESHOLD,38.048 張 < 1000 張,False
8916,光隆,TPEx,COMMON_STOCK,official:tpex_main,NORMAL,official:status_feeds,2026-09-24,62063.0,62.063,cache,VOLUME_LT_THRESHOLD,62.063 張 < 1000 張,False
8917,欣泰,TPEx,COMMON_STOCK,official:tpex_main,NORMAL,official:status_feeds,2026-09-24,14065.0,14.065,cache,VOLUME_LT_THRESHOLD,14.065 張 < 1000 張,False
8921,沈氏,TPEx,COMMON_STOCK,official:tpex_main,NORMAL,official:status_feeds,2026-09-24,4.0,0.004,cache,VOLUME_LT_THRESHOLD,0.004 張 < 1000 張,False
8923,時報,TPEx,COMMON_STOCK,official:tpex_main,NORMAL,official:status_feeds,2026-09-24,0.0,0.0,cache,VOLUME_LT_THRESHOLD,0.000 張 < 1000 張,False
8924,大田,TPEx,COMMON_STOCK,official:tpex_main,NORMAL,official:status_feeds,2026-09-24,60937.0,60.937,cache,VOLUME_LT_THRESHOLD,60.937 張 < 1000 張,False
8927,北基,TPEx,COMMON_STOCK,official:tpex_main,NORMAL,official:status_feeds,2026-09-24,85287.0,85.287,cache,VOLUME_LT_THRESHOLD,85.287 張 < 1000 張,False
8928,鉅明,TPEx,COMMON_STOCK,official:tpex_main,NORMAL,official:status_feeds,2026-09-24,14044.0,14.044,cache,VOLUME_LT_THRESHOLD,14.044 張 < 1000 張,False
8929,富堡,TPEx,COMMON_STOCK,official:tpex_main,NORMAL,official:status_feeds,2026-09-24,7438.0,7.438,cache,VOLUME_LT_THRESHOLD,7.438 張 < 1000 張,False
8930,青鋼,TPEx,COMMON_STOCK,official:tpex_main,NORMAL,official:status_feeds,2026-09-24,62525.0,62.525,cache,VOLUME_LT_THRESHOLD,62.525 張 < 1000 張,False
8931,大汽電,TPEx,COMMON_STOCK,official:tpex_main,NORMAL,official:status_feeds,2026-09-24,280404.0,280.404,cache,VOLUME_LT_THRESHOLD,280.404 張 < 1000 張,False
8932,智通*,TPEx,COMMON_STOCK,official:tpex_main,NORMAL,official:status_feeds,2026-09-24,647556.0,647.556,cache,VOLUME_LT_THRESHOLD,647.556 張 < 1000 張,False
8933,愛地雅,TPEx,COMMON_STOCK,official:tpex_main,ABNORMAL,official:tpex_cmode,,,,unavailable,STATUS_ABNORMAL,交易狀態：ABNORMAL,False
8935,邦泰,TPEx,COMMON_STOCK,official:tpex_main,NORMAL,official:status_feeds,2026-09-24,378461.0,378.461,cache,VOLUME_LT_THRESHOLD,378.461 張 < 1000 張,False
8936,國統,TPEx,COMMON_STOCK,official:tpex_main,NORMAL,official:status_feeds,2026-09-24,561132.0,561.132,cache,VOLUME_LT_THRESHOLD,561.132 張 < 1000 張,False
8937,合騏*,TPEx,COMMON_STOCK,official:tpex_main,NORMAL,official:status_feeds,2026-09-24,344786.0,344.786,cache,VOLUME_LT_THRESHOLD,344.786 張 < 1000 張,False
8938,明安,TPEx,COMMON_STOCK,official:tpex_main,NORMAL,official:status_feeds,2026-09-24,25171.0,25.171,cache,VOLUME_LT_THRESHOLD,25.171 張 < 1000 張,False
8941,關中,TPEx,COMMON_STOCK,official:tpex_main,NORMAL,official:status_feeds,2026-09-24,4070.0,4.07,cache,VOLUME_LT_THRESHOLD,4.070 張 < 1000 張,False
8942,森鉅,TPEx,COMMON_STOCK,official:tpex_main,NORMAL,official:status_feeds,2026-09-24,110209.0,110.209,cache,VOLUME_LT_THRESHOLD,110.209 張 < 1000 張,False
9949,琉園,TPEx,COMMON_STOCK,official:tpex_main,NORMAL,official:status_feeds,2026-09-24,30260.0,30.26,cache,VOLUME_LT_THRESHOLD,30.260 張 < 1000 張,False
9950,萬國通,TPEx,COMMON_STOCK,official:tpex_main,NORMAL,official:status_feeds,2026-09-24,17500.0,17.5,cache,VOLUME_LT_THRESHOLD,17.500 張 < 1000 張,False
9951,皇田,TPEx,COMMON_STOCK,official:tpex_main,NORMAL,official:status_feeds,2026-09-24,70046.0,70.046,cache,VOLUME_LT_THRESHOLD,70.046 張 < 1000 張,False
9960,邁達康,TPEx,COMMON_STOCK,official:tpex_main,NORMAL,official:status_feeds,2026-09-24,192237.0,192.237,cache,VOLUME_LT_THRESHOLD,192.237 張 < 1000 張,False
9962,有益,TPEx,COMMON_STOCK,official:tpex_main,NORMAL,official:status_feeds,2026-09-24,76428.0,76.428,cache,VOLUME_LT_THRESHOLD,76.428 張 < 1000 張,False
